id,mrp,sku_code,unit_price,sku_description,invoiced_quantity,batch_details,outer_lpn_number,lpn_number,carton_no,lpn_code,packed_quantity,order_type,order_reference,product_id,uom,invoice_number,invoice_date,warehouse,invoiced_by,order_date,customer_info,distributer_id,created_at,updated_at,is_callback,status_wholeseller_id,status_retailer_id,sources,wholesaler_scanned_at,retailer_scanned_at,is_active,is_offline
860,0,ACM204SBLMR #55,80.00,ACM204SBLMR #55,1,[],,VDKPEDW,,,0,Distributor,55,271975,B10,INV000000000058,2024-12-27,JGH_1100,subuser2@stockone.com,2024-12-27,"""{\""city\"":null,\""name\"":\""RUJUTA VENUGOPAL LAHOTI\"",\""state\"":null,\""country\"":\""India\"",\""pincode\"":null,\""email_id\"":\""rujuta121@gmail.com\"",\""last_name\"":null,\""pan_number\"":null,\""tin_number\"":\""29AAKCM8916G1ZZ\"",\""customer_id\"":4314,\""phone_number\"":7875568844}""",5981,2025-01-28 16:40:43,2026-07-05 10:06:22,0,,50284,tirupur,,2026-07-05 10:06:22,1,0
2811,0,ASP162BAST#M,80.00,ASP162BAST#M,1,[],,XHDPOXA,,,0,Distributor,M,286862,B5,INV000000000058,2024-12-27,JGH_1100,subuser2@stockone.com,2024-12-27,"""{\""city\"":null,\""name\"":\""GIRISH DAGADU YEOLE\"",\""state\"":null,\""country\"":\""India\"",\""pincode\"":null,\""email_id\"":\""yeolegirish4@gmail.com\"",\""last_name\"":null,\""pan_number\"":null,\""tin_number\"":\""29AAKCM8916G1ZZ\"",\""customer_id\"":4350,\""phone_number\"":9028114949}""",6017,2025-01-29 10:07:35,2026-07-04 13:21:47,0,,50751,tirupur,,2026-07-04 13:21:47,1,0
11581,0,ACM204BBLMR#90,80.00,ACM204BBLMR#90,1,[],,WRVGAUZ,,,0,Distributor,90,271967,B10,INV000000000058,2024-12-27,JGH_1100,subuser2@stockone.com,2024-12-27,"""{\""city\"":\""SATARA\"",\""name\"":\""DEVYANI AND COMPANY\"",\""state\"":14,\""country\"":\""India\"",\""pincode\"":415002,\""email_id\"":\""tejasbhosale7117@gmail.com\"",\""last_name\"":null,\""pan_number\"":null,\""tin_number\"":\""29AAKCM8916G1ZZ\"",\""customer_id\"":6016,\""phone_number\"":9096500543}""",6016,2025-01-31 12:20:03,2026-07-02 09:39:17,0,,49758,tirupur,,2026-07-02 09:39:17,1,0
17117,0,ASP032BBLK#XXL,80.00,ASP032BBLK#XXL,1,[],,OYZIKWL,,,0,Distributor,XXL,286219,B5,INV000000000058,2024-12-27,JGH_1100,subuser2@stockone.com,2024-12-27,"""{\""city\"":null,\""name\"":\""POTTEKAT BAIJU\"",\""state\"":12,\""country\"":\""India\"",\""pincode\"":null,\""email_id\"":\""newfashionsouk.clt@gmail.com\"",\""last_name\"":null,\""pan_number\"":null,\""tin_number\"":\""29AAKCM8916G1ZZ\"",\""customer_id\"":6270,\""phone_number\"":9847135299}""",5903,2025-01-31 19:20:13,2026-07-03 16:41:55,0,,52699,tirupur,,2026-07-03 16:41:55,1,0
18009,0,ASP032BAST#S,80.00,ASP032BAST#S,1,[],,QNIGLOG,,,0,Distributor,S,286206,B5,INV000000000058,2024-12-27,JGH_1100,subuser2@stockone.com,2024-12-27,"""{\""city\"":null,\""name\"":\""POTTEKAT BAIJU\"",\""state\"":12,\""country\"":\""India\"",\""pincode\"":null,\""email_id\"":\""newfashionsouk.clt@gmail.com\"",\""last_name\"":null,\""pan_number\"":null,\""tin_number\"":\""29AAKCM8916G1ZZ\"",\""customer_id\"":6270,\""phone_number\"":9847135299}""",5903,2025-02-01 11:12:25,2026-07-01 11:56:28,0,,77802,tirupur,,2026-07-01 11:56:28,1,0
18010,0,ASP032BAST#S,80.00,ASP032BAST#S,1,[],,QGOKCFE,,,0,Distributor,S,286206,B5,INV000000000058,2024-12-27,JGH_1100,subuser2@stockone.com,2024-12-27,"""{\""city\"":null,\""name\"":\""POTTEKAT BAIJU\"",\""state\"":12,\""country\"":\""India\"",\""pincode\"":null,\""email_id\"":\""newfashionsouk.clt@gmail.com\"",\""last_name\"":null,\""pan_number\"":null,\""tin_number\"":\""29AAKCM8916G1ZZ\"",\""customer_id\"":6270,\""phone_number\"":9847135299}""",5903,2025-02-01 11:12:28,2026-07-01 12:59:56,0,,77802,tirupur,,2026-07-01 12:59:56,1,0
20751,0,ACM023BTRNK2AST#85,125.62,AMUL COMFY COLOUR B TRUNKS OE 2/10,1,[],,BCJCFAI,,,0,Distributors,6141066123,270965,B10,INV-000000083365,2025-02-01,JGH_1100,swaraj,2025-01-31,"""{\""city\"":\""HISSAR\"",\""name\"":\""JAI SHREE BALA JEE TRADER\"",\""state\"":null,\""country\"":null,\""pincode\"":\""0\"",\""email_id\"":null,\""last_name\"":null,\""pan_number\"":null,\""tin_number\"":null,\""customer_id\"":372,\""phone_number\"":null}""",6092,2025-02-01 15:23:35,2026-07-01 18:05:13,1,,64945,tirupur,,2026-07-01 18:05:13,1,0
20972,0,ACM023BTRNK2AST#80,129.62,AMUL COMFY COLOUR B TRUNKS OE 2/10,1,[],,LBYYVGL,,,0,Distributors,6141066120,270964,B10,INV-000000083376,2025-02-01,JGH_1100,sunilkumarchandra,2025-01-31,"""{\""city\"":\""HISSAR\"",\""name\"":\""JAI SHREE BALA JEE TRADER\"",\""state\"":null,\""country\"":null,\""pincode\"":\""0\"",\""email_id\"":null,\""last_name\"":null,\""pan_number\"":null,\""tin_number\"":null,\""customer_id\"":372,\""phone_number\"":null}""",6092,2025-02-01 15:33:54,2026-07-01 18:04:52,1,,64945,tirupur,,2026-07-01 18:04:52,1,0
34234,0,APR001BPNTS0AST#90,0.68,AMUL PRIYA PLAIN B PANTY,1,[],,NHKUTFI,,,0,Distributors,6141067404,284540,B10,INV-000000084995,2025-02-03,JGH_1100,madesh,2025-02-01,"""{\""city\"":\""CHARKHIDADRI\"",\""name\"":\""DEEPAK HOSIERY\"",\""state\"":null,\""country\"":null,\""pincode\"":\""0\"",\""email_id\"":null,\""last_name\"":null,\""pan_number\"":null,\""tin_number\"":null,\""customer_id\"":422,\""phone_number\"":null}""",6086,2025-02-03 17:00:28,2026-07-02 11:27:38,1,,77830,tirupur,,2026-07-02 11:27:38,1,0
34808,0,APR001BPNTS0AST#100,0.00,AMUL PRIYA PLAIN B PANTY,1,[],,WTMEAQX,,,0,Distributors,6141067476,284532,B10,INV-000000085010,2025-02-03,JGH_1100,madesh,2025-02-01,"""{\""city\"":\""PONTA SAHIB\"",\""name\"":\""CHOUDHARY TRADERS\"",\""state\"":null,\""country\"":null,\""pincode\"":\""0\"",\""email_id\"":null,\""last_name\"":null,\""pan_number\"":null,\""tin_number\"":null,\""customer_id\"":359,\""phone_number\"":null}""",6121,2025-02-03 17:07:57,2026-07-01 20:31:47,1,,48742,tirupur,,2026-07-01 20:31:47,1,0
35539,0,ACM223BSLPS-BLK#85,0.00,AMUL COMFY BLACK SHORT SLIPS,1,[],,RLQTQCY,,,0,Distributors,6141067584,272426,B10,INV-000000085033,2025-02-03,JGH_1100,madesh,2025-02-01,"""{\""city\"":\""GURDASPUR\"",\""name\"":\""SHRI ANAND GARMENT\"",\""state\"":null,\""country\"":null,\""pincode\"":\""0\"",\""email_id\"":null,\""last_name\"":null,\""pan_number\"":null,\""tin_number\"":null,\""customer_id\"":424,\""phone_number\"":null}""",6159,2025-02-03 17:14:19,2026-07-01 13:15:33,1,,56137,tirupur,,2026-07-01 13:15:33,1,0
43508,0,ACM001SRN#73,0.00,AMUL COMFY VEST S RN WHITE,1,[],,LGKNIFM,,,0,Distributors,6141068491,270287,B10,INV-000000085389,2025-02-04,JGH_1100,ranjit,2025-02-03,"""{\""city\"":\""GURGAON\"",\""name\"":\""PRINCE HOSIERY\"",\""state\"":null,\""country\"":null,\""pincode\"":\""0\"",\""email_id\"":null,\""last_name\"":null,\""pan_number\"":null,\""tin_number\"":null,\""customer_id\"":480,\""phone_number\"":null}""",6090,2025-02-04 10:02:19,2026-07-03 10:00:25,1,,51473,tirupur,,2026-07-03 10:00:25,1,0
54015,0,ASP162BAST#M,80.00,ASP162BAST#M,1,[],,PWZLRDJ,,,0,Distributor,M,286862,B5,INV000000000058,2024-12-27,JGH_1100,subuser2@stockone.com,2024-12-27,"""{\""city\"":\""BIJAPUR\"",\""name\"":\""MARUTI COLLECTION\"",\""state\"":11,\""country\"":\""India\"",\""pincode\"":586101,\""email_id\"":\""tilokram987@gmail.com\"",\""last_name\"":null,\""pan_number\"":null,\""tin_number\"":\""29AAKCM8916G1ZZ\"",\""customer_id\"":5873,\""phone_number\"":8095867727}""",5873,2025-02-04 16:02:52,2026-07-01 17:15:33,0,,63118,tirupur,,2026-07-01 17:15:33,1,0
66412,0,ACM204BBLMR#100,87.75,AMUL COMFY PRINT DEEP B I.E. BLOOMER,1,[],,THTZXAF,,,0,Distributors,6141068734,271959,B10,INV-000000085992,2025-02-04,JGH_1100,madesh,2025-02-03,"""{\""city\"":\""DELHI\"",\""name\"":\""AHUJA AGENCIES\"",\""state\"":null,\""country\"":null,\""pincode\"":\""0\"",\""email_id\"":null,\""last_name\"":null,\""pan_number\"":null,\""tin_number\"":null,\""customer_id\"":9,\""phone_number\"":null}""",6301,2025-02-04 17:29:10,2026-07-03 18:20:37,1,49225,62169,tirupur,2025-07-28 13:46:11,2026-07-03 18:20:37,1,0
66431,0,ACM204BBLMR#100,87.75,AMUL COMFY PRINT DEEP B I.E. BLOOMER,1,[],,NIXCQRQ,,,0,Distributors,6141068734,271959,B10,INV-000000085992,2025-02-04,JGH_1100,madesh,2025-02-03,"""{\""city\"":\""DELHI\"",\""name\"":\""AHUJA AGENCIES\"",\""state\"":null,\""country\"":null,\""pincode\"":\""0\"",\""email_id\"":null,\""last_name\"":null,\""pan_number\"":null,\""tin_number\"":null,\""customer_id\"":9,\""phone_number\"":null}""",6301,2025-02-04 17:29:10,2026-07-03 18:20:22,1,49225,62169,tirupur,2025-07-28 13:46:12,2026-07-03 18:20:22,1,0
75099,0,APR001BPNTS1AST#95,0.00,AMUL PRIYA PLAIN PANTY (1 PC PACK),1,[],,NJJYIYV,,,0,Distributors,6141069169,284552,B10,INV-000000086172,2025-02-04,JGH_1100,madesh,2025-02-03,"""{\""city\"":\""LUDHIANA\"",\""name\"":\""SHREE G.T.B. SALES AGENCIES\"",\""state\"":null,\""country\"":null,\""pincode\"":\""0\"",\""email_id\"":null,\""last_name\"":null,\""pan_number\"":null,\""tin_number\"":null,\""customer_id\"":731,\""phone_number\"":null}""",6169,2025-02-04 18:19:45,2026-07-04 15:49:46,1,,60311,tirupur,,2026-07-04 15:49:46,1,0
87243,0,ACM023BTRNK2AST#80,80.00,ACM023BTRNK2AST#80,1,[],,SHZJXGZ,,,0,Distributor,80,270964,B10,INV000000000058,2024-12-27,JGH_1100,subuser2@stockone.com,2024-12-27,"""{\""city\"":\""PONTA SAHIB\"",\""name\"":\""CHOUDHARY TRADERS\"",\""state\"":9,\""country\"":\""India\"",\""pincode\"":173025,\""email_id\"":\""sandeepsingh20517@gmail.com\"",\""last_name\"":null,\""pan_number\"":null,\""tin_number\"":\""29AAKCM8916G1ZZ\"",\""customer_id\"":6121,\""phone_number\"":8219056002}""",6121,2025-02-05 11:44:43,2026-07-01 21:21:41,0,,48798,tirupur,,2026-07-01 21:21:41,1,0
87274,0,APR002BPNTS0AST#80,80.00,APR002BPNTS0AST#80,1,[],,MHDYNUC,,,0,Distributor,80,284572,B10,INV000000000058,2024-12-27,JGH_1100,subuser2@stockone.com,2024-12-27,"""{\""city\"":null,\""name\"":\""SRI VELAVAN TRADERS\"",\""state\"":23,\""country\"":\""India\"",\""pincode\"":null,\""email_id\"":\""Srivelavan.jcky@gmail.com\"",\""last_name\"":null,\""pan_number\"":null,\""tin_number\"":\""29AAKCM8916G1ZZ\"",\""customer_id\"":6308,\""phone_number\"":9976901818}""",6308,2025-02-05 11:45:35,2026-07-03 19:01:16,0,,71711,tirupur,,2026-07-03 19:01:16,1,0
87427,0,APR002BPNTS0AST#85,80.00,APR002BPNTS0AST#85,1,[],,UMEKCPK,,,0,Distributor,85,284573,B10,INV000000000058,2024-12-27,JGH_1100,subuser2@stockone.com,2024-12-27,"""{\""city\"":null,\""name\"":\""SRI VELAVAN TRADERS\"",\""state\"":23,\""country\"":\""India\"",\""pincode\"":null,\""email_id\"":\""Srivelavan.jcky@gmail.com\"",\""last_name\"":null,\""pan_number\"":null,\""tin_number\"":\""29AAKCM8916G1ZZ\"",\""customer_id\"":6308,\""phone_number\"":9976901818}""",6308,2025-02-05 11:49:27,2026-07-03 19:01:16,0,,71711,tirupur,,2026-07-03 19:01:16,1,0
87551,0,APR002BPNTS0AST #90,80.00,APR002BPNTS0AST #90,1,[],,KMJYHHN,,,0,Distributor,90,284574,B10,INV000000000058,2024-12-27,JGH_1100,subuser2@stockone.com,2024-12-27,"""{\""city\"":null,\""name\"":\""SRI VELAVAN TRADERS\"",\""state\"":23,\""country\"":\""India\"",\""pincode\"":null,\""email_id\"":\""Srivelavan.jcky@gmail.com\"",\""last_name\"":null,\""pan_number\"":null,\""tin_number\"":\""29AAKCM8916G1ZZ\"",\""customer_id\"":6308,\""phone_number\"":9976901818}""",6308,2025-02-05 11:52:15,2026-07-03 19:01:15,0,,71711,tirupur,,2026-07-03 19:01:15,1,0
87687,0,APR002BPNTS0AST#95,80.00,APR002BPNTS0AST#95,1,[],,RLECNJQ,,,0,Distributor,95,284575,B10,INV000000000058,2024-12-27,JGH_1100,subuser2@stockone.com,2024-12-27,"""{\""city\"":null,\""name\"":\""SRI VELAVAN TRADERS\"",\""state\"":23,\""country\"":\""India\"",\""pincode\"":null,\""email_id\"":\""Srivelavan.jcky@gmail.com\"",\""last_name\"":null,\""pan_number\"":null,\""tin_number\"":\""29AAKCM8916G1ZZ\"",\""customer_id\"":6308,\""phone_number\"":9976901818}""",6308,2025-02-05 11:54:47,2026-07-03 19:01:15,0,,71711,tirupur,,2026-07-03 19:01:15,1,0
87773,0,APR001BPNTS1AST#80,80.00,APR001BPNTS1AST#80,1,[],,OZEZSYR,,,0,Distributor,80,284549,B10,INV000000000058,2024-12-27,JGH_1100,subuser2@stockone.com,2024-12-27,"""{\""city\"":null,\""name\"":\""SRI VELAVAN TRADERS\"",\""state\"":23,\""country\"":\""India\"",\""pincode\"":null,\""email_id\"":\""Srivelavan.jcky@gmail.com\"",\""last_name\"":null,\""pan_number\"":null,\""tin_number\"":\""29AAKCM8916G1ZZ\"",\""customer_id\"":6308,\""phone_number\"":9976901818}""",6308,2025-02-05 11:57:11,2026-07-03 19:01:16,0,,71711,tirupur,,2026-07-03 19:01:16,1,0
87784,0,APR001BPNTS1AST#80,80.00,APR001BPNTS1AST#80,1,[],,APCCTRS,,,0,Distributor,80,284549,B10,INV000000000058,2024-12-27,JGH_1100,subuser2@stockone.com,2024-12-27,"""{\""city\"":null,\""name\"":\""SRI VELAVAN TRADERS\"",\""state\"":23,\""country\"":\""India\"",\""pincode\"":null,\""email_id\"":\""Srivelavan.jcky@gmail.com\"",\""last_name\"":null,\""pan_number\"":null,\""tin_number\"":\""29AAKCM8916G1ZZ\"",\""customer_id\"":6308,\""phone_number\"":9976901818}""",6308,2025-02-05 11:57:30,2026-07-03 19:01:15,0,,71711,tirupur,,2026-07-03 19:01:15,1,0
87791,0,APR001BPNTS1AST#80,80.00,APR001BPNTS1AST#80,1,[],,YPMDKKK,,,0,Distributor,80,284549,B10,INV000000000058,2024-12-27,JGH_1100,subuser2@stockone.com,2024-12-27,"""{\""city\"":null,\""name\"":\""SRI VELAVAN TRADERS\"",\""state\"":23,\""country\"":\""India\"",\""pincode\"":null,\""email_id\"":\""Srivelavan.jcky@gmail.com\"",\""last_name\"":null,\""pan_number\"":null,\""tin_number\"":\""29AAKCM8916G1ZZ\"",\""customer_id\"":6308,\""phone_number\"":9976901818}""",6308,2025-02-05 11:57:38,2026-07-03 19:01:16,0,,71711,tirupur,,2026-07-03 19:01:16,1,0
87858,0,APR001BPNTS1AST #85,80.00,APR001BPNTS1AST #85,1,[],,XGSECSF,,,0,Distributor,85,284550,B10,INV000000000058,2024-12-27,JGH_1100,subuser2@stockone.com,2024-12-27,"""{\""city\"":null,\""name\"":\""SRI VELAVAN TRADERS\"",\""state\"":23,\""country\"":\""India\"",\""pincode\"":null,\""email_id\"":\""Srivelavan.jcky@gmail.com\"",\""last_name\"":null,\""pan_number\"":null,\""tin_number\"":\""29AAKCM8916G1ZZ\"",\""customer_id\"":6308,\""phone_number\"":9976901818}""",6308,2025-02-05 11:59:08,2026-07-03 19:01:16,0,,71711,tirupur,,2026-07-03 19:01:16,1,0
87866,0,APR001BPNTS1AST#85,80.00,APR001BPNTS1AST#85,1,[],,IQAQCRY,,,0,Distributor,85,284550,B10,INV000000000058,2024-12-27,JGH_1100,subuser2@stockone.com,2024-12-27,"""{\""city\"":null,\""name\"":\""SRI VELAVAN TRADERS\"",\""state\"":23,\""country\"":\""India\"",\""pincode\"":null,\""email_id\"":\""Srivelavan.jcky@gmail.com\"",\""last_name\"":null,\""pan_number\"":null,\""tin_number\"":\""29AAKCM8916G1ZZ\"",\""customer_id\"":6308,\""phone_number\"":9976901818}""",6308,2025-02-05 11:59:16,2026-07-03 19:01:15,0,,71711,tirupur,,2026-07-03 19:01:15,1,0
87872,0,APR001BPNTS1AST #85,80.00,APR001BPNTS1AST #85,1,[],,SZERXAS,,,0,Distributor,85,284550,B10,INV000000000058,2024-12-27,JGH_1100,subuser2@stockone.com,2024-12-27,"""{\""city\"":null,\""name\"":\""SRI VELAVAN TRADERS\"",\""state\"":23,\""country\"":\""India\"",\""pincode\"":null,\""email_id\"":\""Srivelavan.jcky@gmail.com\"",\""last_name\"":null,\""pan_number\"":null,\""tin_number\"":\""29AAKCM8916G1ZZ\"",\""customer_id\"":6308,\""phone_number\"":9976901818}""",6308,2025-02-05 11:59:22,2026-07-03 19:01:15,0,,71711,tirupur,,2026-07-03 19:01:15,1,0
87877,0,APR001BPNTS1AST #85,80.00,APR001BPNTS1AST #85,1,[],,CZAEZHH,,,0,Distributor,85,284550,B10,INV000000000058,2024-12-27,JGH_1100,subuser2@stockone.com,2024-12-27,"""{\""city\"":null,\""name\"":\""SRI VELAVAN TRADERS\"",\""state\"":23,\""country\"":\""India\"",\""pincode\"":null,\""email_id\"":\""Srivelavan.jcky@gmail.com\"",\""last_name\"":null,\""pan_number\"":null,\""tin_number\"":\""29AAKCM8916G1ZZ\"",\""customer_id\"":6308,\""phone_number\"":9976901818}""",6308,2025-02-05 11:59:28,2026-07-03 19:01:15,0,,71711,tirupur,,2026-07-03 19:01:15,1,0
88302,0,APR001BPNTS1AST#90,80.00,APR001BPNTS1AST#90,1,[],,HLWFCGM,,,0,Distributor,90,284551,B10,INV000000000058,2024-12-27,JGH_1100,subuser2@stockone.com,2024-12-27,"""{\""city\"":null,\""name\"":\""SRI VELAVAN TRADERS\"",\""state\"":23,\""country\"":\""India\"",\""pincode\"":null,\""email_id\"":\""Srivelavan.jcky@gmail.com\"",\""last_name\"":null,\""pan_number\"":null,\""tin_number\"":\""29AAKCM8916G1ZZ\"",\""customer_id\"":6308,\""phone_number\"":9976901818}""",6308,2025-02-05 12:04:25,2026-07-01 18:05:51,0,,65440,tirupur,,2026-07-01 18:05:51,1,0
88343,0,APR001BPNTS1AST#90,80.00,APR001BPNTS1AST#90,1,[],,DRSIQHG,,,0,Distributor,90,284551,B10,INV000000000058,2024-12-27,JGH_1100,subuser2@stockone.com,2024-12-27,"""{\""city\"":null,\""name\"":\""SRI VELAVAN TRADERS\"",\""state\"":23,\""country\"":\""India\"",\""pincode\"":null,\""email_id\"":\""Srivelavan.jcky@gmail.com\"",\""last_name\"":null,\""pan_number\"":null,\""tin_number\"":\""29AAKCM8916G1ZZ\"",\""customer_id\"":6308,\""phone_number\"":9976901818}""",6308,2025-02-05 12:04:48,2026-07-03 19:01:15,0,,71711,tirupur,,2026-07-03 19:01:15,1,0
88354,0,APR001BPNTS1AST#90,80.00,APR001BPNTS1AST#90,1,[],,ITARRWH,,,0,Distributor,90,284551,B10,INV000000000058,2024-12-27,JGH_1100,subuser2@stockone.com,2024-12-27,"""{\""city\"":null,\""name\"":\""SRI VELAVAN TRADERS\"",\""state\"":23,\""country\"":\""India\"",\""pincode\"":null,\""email_id\"":\""Srivelavan.jcky@gmail.com\"",\""last_name\"":null,\""pan_number\"":null,\""tin_number\"":\""29AAKCM8916G1ZZ\"",\""customer_id\"":6308,\""phone_number\"":9976901818}""",6308,2025-02-05 12:04:57,2026-07-03 19:01:15,0,,71711,tirupur,,2026-07-03 19:01:15,1,0
89367,0,ACM021BTRNK2AST#100,127.18,AMUL COMFY COLOUR B TRUNKS IE 2/10,1,[],,MRDKDDC,,,0,Distributors,6141068350,270867,B10,INV-000000086376,2025-02-05,JGH_1100,vicky,2025-02-03,"""{\""city\"":\""GURGAON\"",\""name\"":\""PRINCE HOSIERY\"",\""state\"":null,\""country\"":null,\""pincode\"":\""0\"",\""email_id\"":null,\""last_name\"":null,\""pan_number\"":null,\""tin_number\"":null,\""customer_id\"":480,\""phone_number\"":null}""",6090,2025-02-05 12:19:53,2026-07-04 20:24:00,1,,68496,tirupur,,2026-07-04 20:24:00,1,0
89421,0,ACM021BTRNK2AST#100,127.18,AMUL COMFY COLOUR B TRUNKS IE 2/10,1,[],,MWVXGEA,,,0,Distributors,6141068349,270867,B10,INV-000000086377,2025-02-05,JGH_1100,vicky,2025-02-03,"""{\""city\"":\""GURGAON\"",\""name\"":\""PRINCE HOSIERY\"",\""state\"":null,\""country\"":null,\""pincode\"":\""0\"",\""email_id\"":null,\""last_name\"":null,\""pan_number\"":null,\""tin_number\"":null,\""customer_id\"":480,\""phone_number\"":null}""",6090,2025-02-05 12:20:22,2026-07-04 20:24:00,1,,68496,tirupur,,2026-07-04 20:24:00,1,0
90881,0,ASP042BAST#M,80.00,ASP042BAST#M,1,[],,DBSPVWZ,,,0,Distributor,M,286419,B5,INV000000000058,2024-12-27,JGH_1100,subuser2@stockone.com,2024-12-27,"""{\""city\"":\""HOSKOTE\"",\""name\"":\""BYRAVESHWARA ENTERPRISES\"",\""state\"":11,\""country\"":\""India\"",\""pincode\"":562114,\""email_id\"":\""rajashekarakv@gmail.com\"",\""last_name\"":null,\""pan_number\"":null,\""tin_number\"":\""29AAKCM8916G1ZZ\"",\""customer_id\"":5879,\""phone_number\"":9449112480}""",5879,2025-02-05 12:40:26,2026-07-02 18:15:30,0,,51525,tirupur,,2026-07-02 18:15:30,1,0
92618,0,ACM002BRN2P#85,80.00,ACM002BRN2P#85,1,[],,MJEDGAQ,,,0,Distributor,85,270326,B10,INV000000000058,2024-12-27,JGH_1100,subuser2@stockone.com,2024-12-27,"""{\""city\"":\""HOSKOTE\"",\""name\"":\""BYRAVESHWARA ENTERPRISES\"",\""state\"":11,\""country\"":\""India\"",\""pincode\"":562114,\""email_id\"":\""rajashekarakv@gmail.com\"",\""last_name\"":null,\""pan_number\"":null,\""tin_number\"":\""29AAKCM8916G1ZZ\"",\""customer_id\"":5879,\""phone_number\"":9449112480}""",5879,2025-02-05 13:10:09,2026-07-01 16:59:01,0,,77754,tirupur,,2026-07-01 16:59:01,1,0
92876,0,ACM002BRN#90,80.00,ACM002BRN#90,1,[],,JRRBSHU,,,0,Distributor,90,270333,B10,INV000000000058,2024-12-27,JGH_1100,subuser2@stockone.com,2024-12-27,"""{\""city\"":\""HOSKOTE\"",\""name\"":\""BYRAVESHWARA ENTERPRISES\"",\""state\"":11,\""country\"":\""India\"",\""pincode\"":562114,\""email_id\"":\""rajashekarakv@gmail.com\"",\""last_name\"":null,\""pan_number\"":null,\""tin_number\"":\""29AAKCM8916G1ZZ\"",\""customer_id\"":5879,\""phone_number\"":9449112480}""",5879,2025-02-05 13:15:19,2026-07-01 17:00:17,0,,77754,tirupur,,2026-07-01 17:00:17,1,0
95158,0,ACM001SRN#50,0.00,AMUL COMFY VEST S RN WHITE,1,[],,YGCAFXH,,,0,Distributors,6141068996,270282,B10,INV-000000086433,2025-02-05,JGH_1100,balu,2025-02-03,"""{\""city\"":\""THANE\"",\""name\"":\""PADMAVATI DISTRIBUTORS\"",\""state\"":null,\""country\"":null,\""pincode\"":\""0\"",\""email_id\"":null,\""last_name\"":null,\""pan_number\"":null,\""tin_number\"":null,\""customer_id\"":132,\""phone_number\"":null}""",5993,2025-02-05 13:32:43,2026-07-04 19:54:22,1,,54117,tirupur,,2026-07-04 19:54:22,1,0
107091,0,ACM061BRN#M,80.00,ACM061BRN#M,1,[],,EGSRBOH,,,0,Distributor,M,271696,B5,INV000000000058,2024-12-27,JGH_1100,subuser2@stockone.com,2024-12-27,"""{\""city\"":\""DAVANAGERE\"",\""name\"":\""KANTHI HANDLOOMS\"",\""state\"":11,\""country\"":\""India\"",\""pincode\"":577001,\""email_id\"":\""kantihandloomsdvg@gmail.com\"",\""last_name\"":null,\""pan_number\"":null,\""tin_number\"":\""29AAKCM8916G1ZZ\"",\""customer_id\"":5885,\""phone_number\"":9844380241}""",5885,2025-02-05 16:01:42,2026-07-01 15:00:44,0,,62721,tirupur,,2026-07-01 15:00:44,1,0
109775,0,ACM025STRNK#60,80.00,ACM025STRNK#60,1,[],,BTEOBQQ,,,0,Distributor,60,271123,B10,INV000000000058,2024-12-27,JGH_1100,subuser2@stockone.com,2024-12-27,"""{\""city\"":\""DAVANAGERE\"",\""name\"":\""KANTHI HANDLOOMS\"",\""state\"":11,\""country\"":\""India\"",\""pincode\"":577001,\""email_id\"":\""kantihandloomsdvg@gmail.com\"",\""last_name\"":null,\""pan_number\"":null,\""tin_number\"":\""29AAKCM8916G1ZZ\"",\""customer_id\"":5885,\""phone_number\"":9844380241}""",5885,2025-02-05 16:57:21,2026-07-01 14:59:21,0,,62721,tirupur,,2026-07-01 14:59:21,1,0
111980,0,APR001BPNTS0AST#75,80.00,APR001BPNTS0AST#75,1,[],,PQYWLWU,,,0,Distributor,75,284537,B10,INV000000000058,2024-12-27,JGH_1100,subuser2@stockone.com,2024-12-27,"""{\""city\"":\""GWALIOR\"",\""name\"":\""POOJA INTERNATIONAL\"",\""state\"":13,\""country\"":\""India\"",\""pincode\"":474001,\""email_id\"":\""hkukreja08@gmail.com\"",\""last_name\"":null,\""pan_number\"":null,\""tin_number\"":\""29AAKCM8916G1ZZ\"",\""customer_id\"":6036,\""phone_number\"":9303154321}""",6036,2025-02-05 17:44:03,2026-07-01 15:47:16,0,,77770,tirupur,,2026-07-01 15:47:16,1,0
116087,0,ASP032BWHT#XXL,0.00,SPORTO 222 WHITE,1,[],,GNPKPZP,,,0,Distributors,6141069238,286279,B5,INV-000000086940,2025-02-05,JGH_1100,santhosh,2025-02-03,"""{\""city\"":\""ROHTAK\"",\""name\"":\""LALJI TRADERS\"",\""state\"":null,\""country\"":null,\""pincode\"":\""0\"",\""email_id\"":null,\""last_name\"":null,\""pan_number\"":null,\""tin_number\"":null,\""customer_id\"":313,\""phone_number\"":null}""",6102,2025-02-05 18:58:06,2026-07-03 17:26:09,1,,68090,tirupur,,2026-07-03 17:26:09,1,0
116088,0,ASP032BWHT#XXL,0.00,SPORTO 222 WHITE,1,[],,NPEJVBK,,,0,Distributors,6141069238,286279,B5,INV-000000086940,2025-02-05,JGH_1100,santhosh,2025-02-03,"""{\""city\"":\""ROHTAK\"",\""name\"":\""LALJI TRADERS\"",\""state\"":null,\""country\"":null,\""pincode\"":\""0\"",\""email_id\"":null,\""last_name\"":null,\""pan_number\"":null,\""tin_number\"":null,\""customer_id\"":313,\""phone_number\"":null}""",6102,2025-02-05 18:58:06,2026-07-03 13:18:09,1,,68090,tirupur,,2026-07-03 13:18:09,1,0
118790,0,ACM010BRN#95,80.00,ACM010BRN#95,1,[],,LOGJCSR,,,0,Distributor,95,270665,B10,INV000000000058,2024-12-27,JGH_1100,subuser2@stockone.com,2024-12-27,"""{\""city\"":\""GUNTUR\"",\""name\"":\""SRI LAKSHMI GAYATHRI AGENCIES\"",\""state\"":1,\""country\"":\""India\"",\""pincode\"":522601,\""email_id\"":\""uppalanchukiran@gmail.com\"",\""last_name\"":null,\""pan_number\"":null,\""tin_number\"":\""29AAKCM8916G1ZZ\"",\""customer_id\"":5943,\""phone_number\"":9290547517}""",5943,2025-02-05 20:05:09,2026-07-03 12:49:33,0,,49425,tirupur,,2026-07-03 12:49:33,1,0
119593,0,ASI086BTRNK#XXL,0.00,SPORTO M1023 PRINT SPANDEX TRUNK OE,1,[],,MNFBTDC,,,0,Distributors,6141068760,285294,B10,INV-000000087176,2025-02-06,JGH_1100,anand,2025-02-03,"""{\""city\"":\""DELHI\"",\""name\"":\""AHUJA AGENCIES\"",\""state\"":null,\""country\"":null,\""pincode\"":\""0\"",\""email_id\"":null,\""last_name\"":null,\""pan_number\"":null,\""tin_number\"":null,\""customer_id\"":9,\""phone_number\"":null}""",6301,2025-02-06 09:40:09,2026-07-03 21:06:55,1,,61316,tirupur,,2026-07-03 21:06:55,1,0
119821,0,ASI090BTRNK#L,110.00,SPORTO M2402 PRINTED SPANDEX LONG TRUNK,1,[],,HQJEZEK,,,0,Distributors,6141069161,285329,B10,INV-000000087189,2025-02-06,JGH_1100,anand,2025-02-03,"""{\""city\"":\""PATHANKOT\"",\""name\"":\""R.K.GARMENT\"",\""state\"":null,\""country\"":null,\""pincode\"":\""0\"",\""email_id\"":null,\""last_name\"":null,\""pan_number\"":null,\""tin_number\"":null,\""customer_id\"":446,\""phone_number\"":null}""",6175,2025-02-06 09:45:41,2026-07-02 10:39:27,1,,51234,tirupur,,2026-07-02 10:39:27,1,0
119825,0,ASI090BTRNK#L,110.00,SPORTO M2402 PRINTED SPANDEX LONG TRUNK,1,[],,NIKDZYN,,,0,Distributors,6141069161,285329,B10,INV-000000087189,2025-02-06,JGH_1100,anand,2025-02-03,"""{\""city\"":\""PATHANKOT\"",\""name\"":\""R.K.GARMENT\"",\""state\"":null,\""country\"":null,\""pincode\"":\""0\"",\""email_id\"":null,\""last_name\"":null,\""pan_number\"":null,\""tin_number\"":null,\""customer_id\"":446,\""phone_number\"":null}""",6175,2025-02-06 09:45:41,2026-07-02 10:38:50,1,,51234,tirupur,,2026-07-02 10:38:50,1,0
119826,0,ASI090BTRNK#M,110.00,SPORTO M2402 PRINTED SPANDEX LONG TRUNK,1,[],,EFVVSMH,,,0,Distributors,6141069161,285330,B10,INV-000000087189,2025-02-06,JGH_1100,anand,2025-02-03,"""{\""city\"":\""PATHANKOT\"",\""name\"":\""R.K.GARMENT\"",\""state\"":null,\""country\"":null,\""pincode\"":\""0\"",\""email_id\"":null,\""last_name\"":null,\""pan_number\"":null,\""tin_number\"":null,\""customer_id\"":446,\""phone_number\"":null}""",6175,2025-02-06 09:45:41,2026-07-02 10:38:49,1,,51234,tirupur,,2026-07-02 10:38:49,1,0
147165,0,ASP031BAST#M,80.00,ASP031BAST#M,1,[],,VSKJCZV,,,0,Distributor,M,285942,B5,INV000000000058,2024-12-27,JGH_1100,subuser2@stockone.com,2024-12-27,"""{\""city\"":\""PONTA SAHIB\"",\""name\"":\""CHOUDHARY TRADERS\"",\""state\"":9,\""country\"":\""India\"",\""pincode\"":173025,\""email_id\"":\""sandeepsingh20517@gmail.com\"",\""last_name\"":null,\""pan_number\"":null,\""tin_number\"":\""29AAKCM8916G1ZZ\"",\""customer_id\"":6121,\""phone_number\"":8219056002}""",6121,2025-02-06 15:16:14,2026-07-04 16:39:25,0,,49208,tirupur,,2026-07-04 16:39:25,1,0
149190,0,ACM061BRN#XL,80.00,ACM061BRN#XL,1,[],,ADQTZU,,,0,Distributor,XL,271698,B5,INV000000000058,2024-12-27,JGH_1100,subuser2@stockone.com,2024-12-27,"""{\""city\"":\""ROHA\"",\""name\"":\""VISHNU HOSIERY\"",\""state\"":14,\""country\"":\""India\"",\""pincode\"":421209,\""email_id\"":\""shivratanpareek38@gmail.com\"",\""last_name\"":null,\""pan_number\"":null,\""tin_number\"":\""29AAKCM8916G1ZZ\"",\""customer_id\"":6065,\""phone_number\"":9820283705}""",6065,2025-02-06 16:03:55,2026-07-01 16:47:19,0,,77742,tirupur,,2026-07-01 16:47:19,1,0
167311,0,ACM033BBRIF1AST#80,80.00,ACM033BBRIF1AST#80,1,[],,SBQDSBX,,,0,Distributor,80,271357,B10,INV000000000058,2024-12-27,JGH_1100,subuser2@stockone.com,2024-12-27,"""{\""city\"":null,\""name\"":\""SANGU SELVARAJ\"",\""state\"":12,\""country\"":\""India\"",\""pincode\"":null,\""email_id\"":\""Suryafashionworld2024@gmail.com\"",\""last_name\"":null,\""pan_number\"":null,\""tin_number\"":\""29AAKCM8916G1ZZ\"",\""customer_id\"":6288,\""phone_number\"":7339361447}""",6364,2025-02-07 08:56:58,2026-07-02 11:55:53,0,,77811,tirupur,,2026-07-02 11:55:53,1,0
169310,0,AMC061BBRIF1AST#80,80.00,AMC061BBRIF1AST#80,1,[],,CXHZMMT,,,0,Distributor,80,281355,B10,INV000000000058,2024-12-27,JGH_1100,subuser2@stockone.com,2024-12-27,"""{\""city\"":\""PALAKKAD\"",\""name\"":\""V.LAKSHMANAN(CR)\"",\""state\"":12,\""country\"":\""India\"",\""pincode\"":678001,\""email_id\"":null,\""last_name\"":null,\""pan_number\"":null,\""tin_number\"":\""29AAKCM8916G1ZZ\"",\""customer_id\"":5906,\""phone_number\"":9447023601}""",5906,2025-02-07 11:38:54,2026-07-01 11:09:15,0,,77804,tirupur,,2026-07-01 11:09:15,1,0
177481,0,AMC002BRNSZP#80,0.00,MACHO ELITE VEST WHT. RNS (1/10) ZP,1,[],,XNFVIXH,,,0,Distributors,6141071679,279898,B10,INV-000000088294,2025-02-07,JGH_1100,balu,2025-02-05,"""{\""city\"":\""PALAKKAD\"",\""name\"":\""V.LAKSHMANAN\"",\""state\"":null,\""country\"":null,\""pincode\"":\""0\"",\""email_id\"":null,\""last_name\"":null,\""pan_number\"":null,\""tin_number\"":null,\""customer_id\"":140,\""phone_number\"":null}""",5906,2025-02-07 15:47:25,2026-07-01 13:12:08,1,,77810,tirupur,,2026-07-01 13:12:08,1,0
177666,0,AMC002BRNSZP#95,55.42,MACHO ELITE VEST WHT. RNS (1/10) ZP,1,[],,LVZVDMH,,,0,Distributors,6141071681,279901,B10,INV-000000088299,2025-02-07,JGH_1100,balu,2025-02-05,"""{\""city\"":\""PALAKKAD\"",\""name\"":\""V.LAKSHMANAN\"",\""state\"":null,\""country\"":null,\""pincode\"":\""0\"",\""email_id\"":null,\""last_name\"":null,\""pan_number\"":null,\""tin_number\"":null,\""customer_id\"":140,\""phone_number\"":null}""",5906,2025-02-07 15:49:53,2026-07-01 13:12:08,1,,77810,tirupur,,2026-07-01 13:12:08,1,0
178015,0,AMC002BRN2PCZP#100,55.42,MACHO ELITE VEST WHT RN TWIN (2/10) ZP,1,[],,AAEGJTC,,,0,Distributors,6141071767,279842,B10,INV-000000088306,2025-02-07,JGH_1100,balu,2025-02-05,"""{\""city\"":\""HOSPET\"",\""name\"":\""MANJUNATH HOSIERY\"",\""state\"":null,\""country\"":null,\""pincode\"":\""0\"",\""email_id\"":null,\""last_name\"":null,\""pan_number\"":null,\""tin_number\"":null,\""customer_id\"":370,\""phone_number\"":null}""",5877,2025-02-07 15:53:12,2026-07-01 14:22:41,1,,77581,tirupur,,2026-07-01 14:22:41,1,0
178890,0,AMC061BBRIF1AST#90,106.59,MCH SMART CUT BRIEF AST (1/10),1,[],,LEIVUBH,,,0,Distributors,6141071693,281357,B10,INV-000000088336,2025-02-07,JGH_1100,siva,2025-02-05,"""{\""city\"":\""PALAKKAD\"",\""name\"":\""V.LAKSHMANAN\"",\""state\"":null,\""country\"":null,\""pincode\"":\""0\"",\""email_id\"":null,\""last_name\"":null,\""pan_number\"":null,\""tin_number\"":null,\""customer_id\"":140,\""phone_number\"":null}""",5906,2025-02-07 16:10:33,2026-07-01 11:09:15,1,,77804,tirupur,,2026-07-01 11:09:15,1,0
180878,0,APR002BPNTS1AST#85,0.00,AMUL PRIYA PRINT PANTY (1 PC PACK),1,[],,BMLIWLD,,,0,Distributors,6141071676,284595,B10,INV-000000088385,2025-02-07,JGH_1100,madesh,2025-02-05,"""{\""city\"":\""PALAKKAD\"",\""name\"":\""V.LAKSHMANAN\"",\""state\"":null,\""country\"":null,\""pincode\"":\""0\"",\""email_id\"":null,\""last_name\"":null,\""pan_number\"":null,\""tin_number\"":null,\""customer_id\"":140,\""phone_number\"":null}""",5906,2025-02-07 16:44:14,2026-07-03 17:32:44,1,,77864,tirupur,,2026-07-03 17:32:44,1,0
180889,0,APR002BPNTS1AST#85,0.00,AMUL PRIYA PRINT PANTY (1 PC PACK),1,[],,WBUHWRD,,,0,Distributors,6141071676,284595,B10,INV-000000088385,2025-02-07,JGH_1100,madesh,2025-02-05,"""{\""city\"":\""PALAKKAD\"",\""name\"":\""V.LAKSHMANAN\"",\""state\"":null,\""country\"":null,\""pincode\"":\""0\"",\""email_id\"":null,\""last_name\"":null,\""pan_number\"":null,\""tin_number\"":null,\""customer_id\"":140,\""phone_number\"":null}""",5906,2025-02-07 16:44:17,2026-07-03 17:32:44,1,,77864,tirupur,,2026-07-03 17:32:44,1,0
180900,0,APR002BPNTS1AST#85,0.00,AMUL PRIYA PRINT PANTY (1 PC PACK),1,[],,SWXJYMO,,,0,Distributors,6141071676,284595,B10,INV-000000088385,2025-02-07,JGH_1100,madesh,2025-02-05,"""{\""city\"":\""PALAKKAD\"",\""name\"":\""V.LAKSHMANAN\"",\""state\"":null,\""country\"":null,\""pincode\"":\""0\"",\""email_id\"":null,\""last_name\"":null,\""pan_number\"":null,\""tin_number\"":null,\""customer_id\"":140,\""phone_number\"":null}""",5906,2025-02-07 16:44:19,2026-07-03 17:32:44,1,,77864,tirupur,,2026-07-03 17:32:44,1,0
180952,0,APR002BPNTS1AST#90,0.00,AMUL PRIYA PRINT PANTY (1 PC PACK),1,[],,DBGKLSR,,,0,Distributors,6141071677,284596,B10,INV-000000088386,2025-02-07,JGH_1100,madesh,2025-02-05,"""{\""city\"":\""PALAKKAD\"",\""name\"":\""V.LAKSHMANAN\"",\""state\"":null,\""country\"":null,\""pincode\"":\""0\"",\""email_id\"":null,\""last_name\"":null,\""pan_number\"":null,\""tin_number\"":null,\""customer_id\"":140,\""phone_number\"":null}""",5906,2025-02-07 16:44:31,2026-07-03 17:32:44,1,,77864,tirupur,,2026-07-03 17:32:44,1,0
180955,0,APR002BPNTS1AST#90,0.00,AMUL PRIYA PRINT PANTY (1 PC PACK),1,[],,EQLINFQ,,,0,Distributors,6141071677,284596,B10,INV-000000088386,2025-02-07,JGH_1100,madesh,2025-02-05,"""{\""city\"":\""PALAKKAD\"",\""name\"":\""V.LAKSHMANAN\"",\""state\"":null,\""country\"":null,\""pincode\"":\""0\"",\""email_id\"":null,\""last_name\"":null,\""pan_number\"":null,\""tin_number\"":null,\""customer_id\"":140,\""phone_number\"":null}""",5906,2025-02-07 16:44:32,2026-07-03 17:32:44,1,,77864,tirupur,,2026-07-03 17:32:44,1,0
180978,0,APR002BPNTS1AST#90,0.00,AMUL PRIYA PRINT PANTY (1 PC PACK),1,[],,TQNJDEB,,,0,Distributors,6141071677,284596,B10,INV-000000088386,2025-02-07,JGH_1100,madesh,2025-02-05,"""{\""city\"":\""PALAKKAD\"",\""name\"":\""V.LAKSHMANAN\"",\""state\"":null,\""country\"":null,\""pincode\"":\""0\"",\""email_id\"":null,\""last_name\"":null,\""pan_number\"":null,\""tin_number\"":null,\""customer_id\"":140,\""phone_number\"":null}""",5906,2025-02-07 16:44:37,2026-07-03 17:32:44,1,,77864,tirupur,,2026-07-03 17:32:44,1,0
181014,0,APR002BPNTS1AST#80,0.00,AMUL PRIYA PRINT PANTY (1 PC PACK),1,[],,VBPSHLK,,,0,Distributors,6141071678,284594,B10,INV-000000088387,2025-02-07,JGH_1100,madesh,2025-02-05,"""{\""city\"":\""PALAKKAD\"",\""name\"":\""V.LAKSHMANAN\"",\""state\"":null,\""country\"":null,\""pincode\"":\""0\"",\""email_id\"":null,\""last_name\"":null,\""pan_number\"":null,\""tin_number\"":null,\""customer_id\"":140,\""phone_number\"":null}""",5906,2025-02-07 16:45:04,2026-07-03 17:32:44,1,,77864,tirupur,,2026-07-03 17:32:44,1,0
181015,0,APR002BPNTS1AST#80,0.00,AMUL PRIYA PRINT PANTY (1 PC PACK),1,[],,UZFPAKK,,,0,Distributors,6141071678,284594,B10,INV-000000088387,2025-02-07,JGH_1100,madesh,2025-02-05,"""{\""city\"":\""PALAKKAD\"",\""name\"":\""V.LAKSHMANAN\"",\""state\"":null,\""country\"":null,\""pincode\"":\""0\"",\""email_id\"":null,\""last_name\"":null,\""pan_number\"":null,\""tin_number\"":null,\""customer_id\"":140,\""phone_number\"":null}""",5906,2025-02-07 16:45:04,2026-07-03 17:32:44,1,,77864,tirupur,,2026-07-03 17:32:44,1,0
182229,0,AMC114BTRNK#90,80.00,AMC114BTRNK#90,1,[],,IPIREMG,,,0,Distributor,90,281953,B10,INV000000000058,2024-12-27,JGH_1100,subuser2@stockone.com,2024-12-27,"""{\""city\"":\""PALAKKAD\"",\""name\"":\""V.LAKSHMANAN(CR)\"",\""state\"":12,\""country\"":\""India\"",\""pincode\"":678001,\""email_id\"":null,\""last_name\"":null,\""pan_number\"":null,\""tin_number\"":\""29AAKCM8916G1ZZ\"",\""customer_id\"":5906,\""phone_number\"":9447023601}""",5906,2025-02-07 17:41:10,2026-07-01 11:09:15,0,,77804,tirupur,,2026-07-01 11:09:15,1,0
202172,0,ACM221BSLPS-WHT #90,80.00,ACM221BSLPS-WHT #90,1,[],,EQILCRN,,,0,Distributor,90,272324,B10,INV000000000058,2024-12-27,JGH_1100,subuser2@stockone.com,2024-12-27,"""{\""city\"":\""CHANDRAPUR\"",\""name\"":\""SARITA HOSIERY STOES\"",\""state\"":14,\""country\"":\""India\"",\""pincode\"":442402,\""email_id\"":\""abhishektoshniwal7@gmail.com\"",\""last_name\"":null,\""pan_number\"":null,\""tin_number\"":\""29AAKCM8916G1ZZ\"",\""customer_id\"":5996,\""phone_number\"":9823676361}""",5996,2025-02-08 10:16:19,2026-07-02 21:06:33,0,,60309,tirupur,,2026-07-02 21:06:33,1,0
202355,0,ACM221BSLPS-WHT #90,80.00,ACM221BSLPS-WHT #90,1,[],,GMUEQPA,,,0,Distributor,90,272324,B10,INV000000000058,2024-12-27,JGH_1100,subuser2@stockone.com,2024-12-27,"""{\""city\"":\""CHANDRAPUR\"",\""name\"":\""SARITA HOSIERY STOES\"",\""state\"":14,\""country\"":\""India\"",\""pincode\"":442402,\""email_id\"":\""abhishektoshniwal7@gmail.com\"",\""last_name\"":null,\""pan_number\"":null,\""tin_number\"":\""29AAKCM8916G1ZZ\"",\""customer_id\"":5996,\""phone_number\"":9823676361}""",5996,2025-02-08 10:22:24,2026-07-02 14:22:23,0,,75434,tirupur,,2026-07-02 14:22:23,1,0
202509,0,ACM221BSLPS-WHT #85,80.00,ACM221BSLPS-WHT #85,1,[],,RATSNPV,,,0,Distributor,85,272323,B10,INV000000000058,2024-12-27,JGH_1100,subuser2@stockone.com,2024-12-27,"""{\""city\"":\""CHANDRAPUR\"",\""name\"":\""SARITA HOSIERY STOES\"",\""state\"":14,\""country\"":\""India\"",\""pincode\"":442402,\""email_id\"":\""abhishektoshniwal7@gmail.com\"",\""last_name\"":null,\""pan_number\"":null,\""tin_number\"":\""29AAKCM8916G1ZZ\"",\""customer_id\"":5996,\""phone_number\"":9823676361}""",5996,2025-02-08 10:26:46,2026-07-02 21:06:33,0,,60309,tirupur,,2026-07-02 21:06:33,1,0
206225,,ACM006BRNS2P#95,,AMUL COMFY VEST B RNS COLOUR TWIN PACK,10,,,RAUACXB,,,0,Distributor,6141058610,270519,B10,6151058610,,JGH_1100,,2025-02-08,,6069,2025-02-08 11:17:22,2026-07-01 18:37:24,1,,53595,tirupur,,2026-07-01 18:37:24,1,0
212855,0,ASP031BAST10PC#XL,10.89,SPORTO 111 ASST.10PC,1,[],,ENUNIJR,,,0,Distributors,6141071233,285924,B10,INV-000000089301,2025-02-08,JGH_1100,santhosh,2025-02-05,"""{\""city\"":\""BANGALORE\"",\""name\"":\""GAYATHRI DISTRIBUTORS\"",\""state\"":null,\""country\"":null,\""pincode\"":\""0\"",\""email_id\"":null,\""last_name\"":null,\""pan_number\"":null,\""tin_number\"":null,\""customer_id\"":368,\""phone_number\"":null}""",5878,2025-02-08 13:00:12,2026-07-01 15:39:53,1,,77692,tirupur,,2026-07-01 15:39:53,1,0
220811,,AMC002BRNZP#100,,MACHO ELITE VEST WHT RN (1/10) ZP,10,,,MNNTLDY,,,0,Distributor,6141061765,279903,B10,6151061765,,JGH_1100,,2025-02-09,,5903,2025-02-09 07:42:22,2026-07-01 10:52:48,1,,77803,tirupur,,2026-07-01 10:52:48,1,0
220815,,AMC002BRNZP#100,,MACHO ELITE VEST WHT RN (1/10) ZP,10,,,JVRQIBA,,,0,Distributor,6141061765,279903,B10,6151061765,,JGH_1100,,2025-02-09,,5903,2025-02-09 07:42:22,2026-07-01 10:52:48,1,,77803,tirupur,,2026-07-01 10:52:48,1,0
226738,,ACM010BRN#85,,AMUL COMFY VEST (TK) B RN COLOUR,10,,,MCQJHPA,,,0,Distributor,6141062423,270663,B10,6151062423,,JGH_1100,,2025-02-09,,5943,2025-02-09 07:45:00,2026-07-03 12:49:32,1,,49425,tirupur,,2026-07-03 12:49:32,1,0
229406,,ACM221SSLPS-WHT#70,,AMUL COMFY WHITE JUNIOR SHORT SLIPS,10,,,XKYCJHL,,,0,Distributor,6141062647,272358,B10,6151062647,,JGH_1100,,2025-02-09,,6152,2025-02-09 07:47:22,2026-07-01 12:44:18,1,,77807,tirupur,,2026-07-01 12:44:18,1,0
234707,,AMC002BRNZP#100,,MACHO ELITE VEST WHT RN (1/10) ZP,10,,,HVLDXDX,,,0,Distributor,6141063515,279903,B10,6151063515,,JGH_1100,,2025-02-09,,5903,2025-02-09 07:50:33,2026-07-02 12:11:56,1,,72919,tirupur,,2026-07-02 12:11:56,1,0
234729,,AMC002BRNZP#100,,MACHO ELITE VEST WHT RN (1/10) ZP,10,,,FLSNSYM,,,0,Distributor,6141063515,279903,B10,6151063515,,JGH_1100,,2025-02-09,,5903,2025-02-09 07:50:33,2026-07-01 13:00:05,1,,77802,tirupur,,2026-07-01 13:00:05,1,0
245027,,ACM006BRN2P#85,,AMUL COMFY VEST B RN COLOUR TWIN PACK,10,,,QGJLABS,,,0,Distributor,6141064073,270484,B10,6151064073,,JGH_1100,,2025-02-09,,6179,2025-02-09 07:53:44,2026-07-04 19:39:06,1,,48741,tirupur,,2026-07-04 19:39:06,1,0
248146,,ACM002BRN#85,,AMUL COMFY VEST TK B RN WHITE BLUE TONE,10,,,CAITTOC,,,0,Distributor,6141065592,270332,B10,6151065592,,JGH_1100,,2025-02-09,,5912,2025-02-09 07:56:04,2026-07-03 14:18:59,1,,49275,tirupur,,2026-07-03 14:18:59,1,0
249227,,ASP031BAST10PC#XL,,SPORTO 111 ASST.10PC,10,,,UYILSXF,,,0,Distributor,6141065454,285924,B10,6151065454,,JGH_1100,,2025-02-09,,6301,2025-02-09 07:56:04,2026-07-03 13:13:53,1,,77848,tirupur,,2026-07-03 13:13:53,1,0
249432,,ASP032BAST#M,,SPORTO 222 ASST.,5,,,NVEBHWK,,,0,Distributor,6141065743,286195,B5,6151065743,,JGH_1100,,2025-02-09,,6296,2025-02-09 07:56:04,2026-07-04 20:03:12,1,,49814,tirupur,,2026-07-04 20:03:12,1,0
254259,0,ASP766BAST#L,80.00,ASP766BAST#L,1,[],,OUASMTN,,,0,Distributor,L,287131,B5,INV000000000058,2024-12-27,JGH_1100,subuser2@stockone.com,2024-12-27,"""{\""city\"":\""NANDED\"",\""name\"":\""SHREE GANESH FABRICS\"",\""state\"":14,\""country\"":\""India\"",\""pincode\"":431604,\""email_id\"":\""shreeganeshfabrics7@gmail.com\"",\""last_name\"":null,\""pan_number\"":null,\""tin_number\"":\""29AAKCM8916G1ZZ\"",\""customer_id\"":5974,\""phone_number\"":9422872790}""",5974,2025-02-09 11:13:59,2026-07-01 14:57:29,0,,69973,tirupur,,2026-07-01 14:57:29,1,0
254271,0,ASP766BAST#M,80.00,ASP766BAST#M,1,[],,WMXZZDW,,,0,Distributor,M,287132,B5,INV000000000058,2024-12-27,JGH_1100,subuser2@stockone.com,2024-12-27,"""{\""city\"":\""NANDED\"",\""name\"":\""SHREE GANESH FABRICS\"",\""state\"":14,\""country\"":\""India\"",\""pincode\"":431604,\""email_id\"":\""shreeganeshfabrics7@gmail.com\"",\""last_name\"":null,\""pan_number\"":null,\""tin_number\"":\""29AAKCM8916G1ZZ\"",\""customer_id\"":5974,\""phone_number\"":9422872790}""",5974,2025-02-09 11:14:46,2026-07-01 14:49:49,0,,69973,tirupur,,2026-07-01 14:49:49,1,0
254288,0,ASP766BAST#XL,80.00,ASP766BAST#XL,1,[],,RGTTIKT,,,0,Distributor,XL,287134,B5,INV000000000058,2024-12-27,JGH_1100,subuser2@stockone.com,2024-12-27,"""{\""city\"":\""NANDED\"",\""name\"":\""SHREE GANESH FABRICS\"",\""state\"":14,\""country\"":\""India\"",\""pincode\"":431604,\""email_id\"":\""shreeganeshfabrics7@gmail.com\"",\""last_name\"":null,\""pan_number\"":null,\""tin_number\"":\""29AAKCM8916G1ZZ\"",\""customer_id\"":5974,\""phone_number\"":9422872790}""",5974,2025-02-09 11:15:46,2026-07-01 14:45:58,0,,69973,tirupur,,2026-07-01 14:45:58,1,0
254336,0,ASP032BWHT#XXL,80.00,ASP032BWHT#XXL,1,[],,JLVEUNO,,,0,Distributor,XXL,286279,B5,INV000000000058,2024-12-27,JGH_1100,subuser2@stockone.com,2024-12-27,"""{\""city\"":\""NANDED\"",\""name\"":\""SHREE GANESH FABRICS\"",\""state\"":14,\""country\"":\""India\"",\""pincode\"":431604,\""email_id\"":\""shreeganeshfabrics7@gmail.com\"",\""last_name\"":null,\""pan_number\"":null,\""tin_number\"":\""29AAKCM8916G1ZZ\"",\""customer_id\"":5974,\""phone_number\"":9422872790}""",5974,2025-02-09 11:24:25,2026-07-01 14:49:49,0,,69973,tirupur,,2026-07-01 14:49:49,1,0
265578,0,ASI086BTRNK#XXL,80.00,ASI086BTRNK#XXL,1,[],,CILCAAP,,,0,Distributor,XXL,285294,B10,INV000000000058,2024-12-27,JGH_1100,subuser2@stockone.com,2024-12-27,"""{\""city\"":null,\""name\"":\""HURARAM DURGARAM\"",\""state\"":11,\""country\"":\""India\"",\""pincode\"":null,\""email_id\"":\""durgaramrathod24@gmail.com\"",\""last_name\"":null,\""pan_number\"":null,\""tin_number\"":\""29AAKCM8916G1ZZ\"",\""customer_id\"":5844,\""phone_number\"":9740388527}""",5887,2025-02-10 12:10:49,2026-07-02 10:20:50,0,,63952,tirupur,,2026-07-02 10:20:50,1,0
266105,0,ACM001BRN2PC#85,80.00,ACM001BRN2PC#85,1,[],,YCAPYFT,,,0,Distributor,85,270081,B10,INV000000000058,2024-12-27,JGH_1100,subuser2@stockone.com,2024-12-27,"""{\""city\"":\""NASHIK\"",\""name\"":\""RAJKIRAN TEXTILE\"",\""state\"":14,\""country\"":\""India\"",\""pincode\"":422001,\""email_id\"":\""rajkiran1529@gmail.com\"",\""last_name\"":null,\""pan_number\"":null,\""tin_number\"":\""29AAKCM8916G1ZZ\"",\""customer_id\"":5997,\""phone_number\"":8237200020}""",5997,2025-02-10 12:31:56,2026-07-01 18:24:30,0,,46556,tirupur,,2026-07-01 18:24:30,1,0
268141,0,ACM021BTRNK2AST#105,127.18,AMUL COMFY COLOUR B TRUNKS IE 2/10,1,[],,MJICHXT,,,0,Distributors,6141073449,270868,B10,INV-000000090071,2025-02-10,JGH_1100,vicky,2025-02-08,"""{\""city\"":\""SONIPAT\"",\""name\"":\""SHREE SHYAM GARMENTS\"",\""state\"":null,\""country\"":null,\""pincode\"":\""0\"",\""email_id\"":null,\""last_name\"":null,\""pan_number\"":null,\""tin_number\"":null,\""customer_id\"":341,\""phone_number\"":null}""",6299,2025-02-10 14:13:50,2026-07-04 11:44:01,1,,51342,tirupur,,2026-07-04 11:44:01,1,0
272095,0,ACM061BRN#L,80.00,ACM061BRN#L,1,[],,TNSCCFS,,,0,Distributor,L,271695,B5,INV000000000058,2024-12-27,JGH_1100,subuser2@stockone.com,2024-12-27,"""{\""city\"":\""BHIWANDI\"",\""name\"":\""NARAYAN HOSIERY |\"",\""state\"":14,\""country\"":\""India\"",\""pincode\"":421302,\""email_id\"":\""ashok68924@gmail.com\"",\""last_name\"":null,\""pan_number\"":null,\""tin_number\"":\""29AAKCM8916G1ZZ\"",\""customer_id\"":6051,\""phone_number\"":9834775886}""",6051,2025-02-11 07:56:00,2026-07-02 14:59:05,0,,62490,tirupur,,2026-07-02 14:59:05,1,0
272096,0,ACM061BRN#L,80.00,ACM061BRN#L,1,[],,DWLMOUA,,,0,Distributor,L,271695,B5,INV000000000058,2024-12-27,JGH_1100,subuser2@stockone.com,2024-12-27,"""{\""city\"":\""BHIWANDI\"",\""name\"":\""NARAYAN HOSIERY |\"",\""state\"":14,\""country\"":\""India\"",\""pincode\"":421302,\""email_id\"":\""ashok68924@gmail.com\"",\""last_name\"":null,\""pan_number\"":null,\""tin_number\"":\""29AAKCM8916G1ZZ\"",\""customer_id\"":6051,\""phone_number\"":9834775886}""",6051,2025-02-11 07:56:03,2026-07-02 14:54:37,0,,62490,tirupur,,2026-07-02 14:54:37,1,0
275359,0,AMC025BRNZP#100,0.00,MACHO DERBY VEST BLK. RN (1/10) ZP,1,[],,HLLINMA,,,0,Distributors,6141068722,280842,B5,INV-000000090509,2025-02-11,JGH_1100,sumathi,2025-02-03,"""{\""city\"":\""DELHI\"",\""name\"":\""AHUJA AGENCIES\"",\""state\"":null,\""country\"":null,\""pincode\"":\""0\"",\""email_id\"":null,\""last_name\"":null,\""pan_number\"":null,\""tin_number\"":null,\""customer_id\"":9,\""phone_number\"":null}""",6301,2025-02-11 11:06:24,2026-07-02 14:42:03,1,,72006,tirupur,,2026-07-02 14:42:03,1,0
277203,0,AMC001BRN2PCZP#80,0.00,MACHO FINE VEST WHITE B RN TWIN (2/10)ZP,1,[],,QNQGDQE,,,0,Distributors,6141074224,279702,B10,INV-000000090774,2025-02-12,JGH_1100,balu,2025-02-10,"""{\""city\"":\""CHANDIGARH\"",\""name\"":\""A TO Z COLLECTIONS\"",\""state\"":null,\""country\"":null,\""pincode\"":\""0\"",\""email_id\"":null,\""last_name\"":null,\""pan_number\"":null,\""tin_number\"":null,\""customer_id\"":345,\""phone_number\"":null}""",6186,2025-02-12 04:40:08,2026-07-03 15:53:25,1,,66801,tirupur,,2026-07-03 15:53:25,1,0
280096,0,APR002BPNTS0AST#110,0.00,AMUL PRIYA PRINT PANTY,1,[],,EDJUEEL,,,0,Distributors,6141073450,284568,B10,INV-000000091119,2025-02-12,JGH_1100,benudhara,2025-02-08,"""{\""city\"":\""SONIPAT\"",\""name\"":\""SHREE SHYAM GARMENTS\"",\""state\"":null,\""country\"":null,\""pincode\"":\""0\"",\""email_id\"":null,\""last_name\"":null,\""pan_number\"":null,\""tin_number\"":null,\""customer_id\"":341,\""phone_number\"":null}""",6299,2025-02-12 09:05:45,2026-07-02 10:01:38,1,,64809,tirupur,,2026-07-02 10:01:38,1,0
280099,0,APR002BPNTS0AST#105,73.34,AMUL PRIYA PRINT PANTY,1,[],,JHPXLMN,,,0,Distributors,6141073450,284567,B10,INV-000000091119,2025-02-12,JGH_1100,benudhara,2025-02-08,"""{\""city\"":\""SONIPAT\"",\""name\"":\""SHREE SHYAM GARMENTS\"",\""state\"":null,\""country\"":null,\""pincode\"":\""0\"",\""email_id\"":null,\""last_name\"":null,\""pan_number\"":null,\""tin_number\"":null,\""customer_id\"":341,\""phone_number\"":null}""",6299,2025-02-12 09:05:45,2026-07-02 10:01:38,1,,64809,tirupur,,2026-07-02 10:01:38,1,0
284614,0,AMC061BBRIF1AST#80,80.00,AMC061BBRIF1AST#80,1,[],,UHVZZOX,,,0,Distributor,80,281355,B10,INV000000000058,2024-12-27,JGH_1100,subuser2@stockone.com,2024-12-27,"""{\""city\"":\""ERNAKULAM\"",\""name\"":\""MAXFIT ENTERPRISES PVT LTD\"",\""state\"":12,\""country\"":\""India\"",\""pincode\"":682017,\""email_id\"":\""azeef@maxfitenterprises.com\"",\""last_name\"":null,\""pan_number\"":null,\""tin_number\"":\""29AAKCM8916G1ZZ\"",\""customer_id\"":5907,\""phone_number\"":9809011998}""",5907,2025-02-13 06:20:00,2026-07-01 15:07:32,0,,59683,tirupur,,2026-07-01 15:07:32,1,0
285310,0,ACM203SBLMR #70,80.00,ACM203SBLMR #70,1,[],,PECSJSU,,,0,Distributor,70,271955,B10,INV000000000058,2024-12-27,JGH_1100,subuser2@stockone.com,2024-12-27,"""{\""city\"":\""GEORAI\"",\""name\"":\""VARDAN DRESSES\"",\""state\"":14,\""country\"":\""India\"",\""pincode\"":431127,\""email_id\"":\""vardandresses9@gmail.com\"",\""last_name\"":null,\""pan_number\"":null,\""tin_number\"":\""29AAKCM8916G1ZZ\"",\""customer_id\"":6020,\""phone_number\"":9822780853}""",6020,2025-02-13 06:54:59,2026-07-01 17:36:01,0,,46747,tirupur,,2026-07-01 17:36:01,1,0
285948,0,ACM204SBLMR#45,80.00,ACM204SBLMR#45,1,[],,RXBZFRP,,,0,Distributor,45,271973,B10,INV000000000058,2024-12-27,JGH_1100,subuser2@stockone.com,2024-12-27,"""{\""city\"":\""GEORAI\"",\""name\"":\""VARDAN DRESSES\"",\""state\"":14,\""country\"":\""India\"",\""pincode\"":431127,\""email_id\"":\""vardandresses9@gmail.com\"",\""last_name\"":null,\""pan_number\"":null,\""tin_number\"":\""29AAKCM8916G1ZZ\"",\""customer_id\"":6020,\""phone_number\"":9822780853}""",6020,2025-02-13 07:22:27,2026-07-04 13:24:39,0,,51058,tirupur,,2026-07-04 13:24:39,1,0
288861,0,ACM001SRN#50,0.00,AMUL COMFY VEST S RN WHITE,1,[],,PCYZFER,,,0,Distributors,6141074998,270282,B10,INV-000000091921,2025-02-13,JGH_1100,balu,2025-02-10,"""{\""city\"":\""REWARI\"",\""name\"":\""JEET GARMENTS & CLOTH HOUSE\"",\""state\"":null,\""country\"":null,\""pincode\"":\""0\"",\""email_id\"":null,\""last_name\"":null,\""pan_number\"":null,\""tin_number\"":null,\""customer_id\"":333,\""phone_number\"":null}""",6111,2025-02-13 11:00:27,2026-07-03 14:04:53,1,,50341,tirupur,,2026-07-03 14:04:53,1,0
290735,0,ACM001SRN#65,0.00,AMUL COMFY VEST S RN WHITE,1,[],,ELFHMGN,,,0,Distributors,6141074994,270285,B10,INV-000000091953,2025-02-13,JGH_1100,balu,2025-02-10,"""{\""city\"":\""REWARI\"",\""name\"":\""JEET GARMENTS & CLOTH HOUSE\"",\""state\"":null,\""country\"":null,\""pincode\"":\""0\"",\""email_id\"":null,\""last_name\"":null,\""pan_number\"":null,\""tin_number\"":null,\""customer_id\"":333,\""phone_number\"":null}""",6111,2025-02-13 11:18:07,2026-07-03 14:04:53,1,,50341,tirupur,,2026-07-03 14:04:53,1,0
290917,0,ACM001BRN2PC#80,0.00,AMUL COMFY VEST B RN WHITE TWIN PACK,1,[],,LYCPSEX,,,0,Distributors,6141075026,270080,B10,INV-000000091957,2025-02-13,JGH_1100,balu,2025-02-10,"""{\""city\"":\""REWARI\"",\""name\"":\""JEET GARMENTS & CLOTH HOUSE\"",\""state\"":null,\""country\"":null,\""pincode\"":\""0\"",\""email_id\"":null,\""last_name\"":null,\""pan_number\"":null,\""tin_number\"":null,\""customer_id\"":333,\""phone_number\"":null}""",6111,2025-02-13 11:19:54,2026-07-03 14:46:38,1,,50341,tirupur,,2026-07-03 14:46:38,1,0
291816,0,ACM030BTRNK#95,0.01,AMUL COMFY LONG POCKET TRUNK,1,[],,UEECVYD,,,0,Distributors,6141076179,271248,B10,INV-000000091974,2025-02-13,JGH_1100,anand,2025-02-12,"""{\""city\"":\""DAVANGERE\"",\""name\"":\""KANTHI HANDLOOMS\"",\""state\"":null,\""country\"":null,\""pincode\"":\""0\"",\""email_id\"":null,\""last_name\"":null,\""pan_number\"":null,\""tin_number\"":null,\""customer_id\"":324,\""phone_number\"":null}""",5885,2025-02-13 11:58:20,2026-07-01 15:04:15,1,,62721,tirupur,,2026-07-01 15:04:15,1,0
295578,0,APR001BPNTS0AST#80,80.00,APR001BPNTS0AST#80,1,[],,UTSPHHN,,,0,Distributor,80,284538,B10,INV000000000058,2024-12-27,JGH_1100,subuser2@stockone.com,2024-12-27,"""{\""city\"":null,\""name\"":\""AMARJIT SINGH\"",\""state\"":20,\""country\"":\""India\"",\""pincode\"":null,\""email_id\"":\""1amarjitsingh23@gmail.com\"",\""last_name\"":null,\""pan_number\"":null,\""tin_number\"":\""29AAKCM8916G1ZZ\"",\""customer_id\"":6313,\""phone_number\"":9815206717}""",6159,2025-02-14 08:07:17,2026-07-02 14:34:43,0,,64306,tirupur,,2026-07-02 14:34:43,1,0
296139,0,ASP032BAST#M,80.00,ASP032BAST#M,1,[],,YVLMRXD,,,0,Distributor,M,286195,B5,INV000000000058,2024-12-27,JGH_1100,subuser2@stockone.com,2024-12-27,"""{\""city\"":null,\""name\"":\""AMARJIT SINGH\"",\""state\"":20,\""country\"":\""India\"",\""pincode\"":null,\""email_id\"":\""1amarjitsingh23@gmail.com\"",\""last_name\"":null,\""pan_number\"":null,\""tin_number\"":\""29AAKCM8916G1ZZ\"",\""customer_id\"":6313,\""phone_number\"":9815206717}""",6159,2025-02-14 08:25:54,2026-07-03 19:57:43,0,,52129,tirupur,,2026-07-03 19:57:43,1,0
296221,0,ASP032BAST#M,80.00,ASP032BAST#M,1,[],,FMZRJVV,,,0,Distributor,M,286195,B5,INV000000000058,2024-12-27,JGH_1100,subuser2@stockone.com,2024-12-27,"""{\""city\"":null,\""name\"":\""AMARJIT SINGH\"",\""state\"":20,\""country\"":\""India\"",\""pincode\"":null,\""email_id\"":\""1amarjitsingh23@gmail.com\"",\""last_name\"":null,\""pan_number\"":null,\""tin_number\"":\""29AAKCM8916G1ZZ\"",\""customer_id\"":6313,\""phone_number\"":9815206717}""",6159,2025-02-14 08:29:33,2026-07-03 19:57:42,0,,52129,tirupur,,2026-07-03 19:57:42,1,0
299321,0,ACM001BRN2PC#85,80.00,ACM001BRN2PC#85,1,[],,LJXKEHZ,,,0,Distributor,85,270081,B10,INV000000000058,2024-12-27,JGH_1100,subuser2@stockone.com,2024-12-27,"""{\""city\"":null,\""name\"":\""AMARJIT SINGH\"",\""state\"":20,\""country\"":\""India\"",\""pincode\"":null,\""email_id\"":\""1amarjitsingh23@gmail.com\"",\""last_name\"":null,\""pan_number\"":null,\""tin_number\"":\""29AAKCM8916G1ZZ\"",\""customer_id\"":6313,\""phone_number\"":9815206717}""",6159,2025-02-14 09:55:03,2026-07-01 18:43:54,0,,67672,tirupur,,2026-07-01 18:43:54,1,0
306111,0,ACM061BRN#XL,0.00,AMUL COMFY GYM VEST AST,1,[],,SIDRDRN,,,0,Distributors,6141076182,271698,B5,INV-000000093231,2025-02-15,JGH_1100,balajig,2025-02-12,"""{\""city\"":\""DAVANGERE\"",\""name\"":\""KANTHI HANDLOOMS\"",\""state\"":null,\""country\"":null,\""pincode\"":\""0\"",\""email_id\"":null,\""last_name\"":null,\""pan_number\"":null,\""tin_number\"":null,\""customer_id\"":324,\""phone_number\"":null}""",5885,2025-02-15 09:25:50,2026-07-01 15:02:57,1,,62721,tirupur,,2026-07-01 15:02:57,1,0
311134,0,APR002BPNTS1AST#90,76.51,AMUL PRIYA PRINT PANTY (1 PC PACK),1,[],,NNZHIDD,,,0,Distributors,6141076709,284596,B10,INV-000000094351,2025-02-17,JGH_1100,santhosh,2025-02-13,"""{\""city\"":\""YAMUNA NAGAR\"",\""name\"":\""BHATIA TRADING CO.\"",\""state\"":null,\""country\"":null,\""pincode\"":\""0\"",\""email_id\"":null,\""last_name\"":null,\""pan_number\"":null,\""tin_number\"":null,\""customer_id\"":347,\""phone_number\"":null}""",6107,2025-02-17 12:36:57,2026-07-03 20:35:05,1,,55088,tirupur,,2026-07-03 20:35:05,1,0
3474483,,AMC111BTRNK2P#95,,MCH PLAIN TRUNK AST. ( 2/10 ),0,,,Wd9N-12,,,0,Distributor,,281859,B10,2215404736,,,,2025-04-02,,6153,2025-02-18 05:30:13,2026-07-02 13:46:01,1,,53347,kolkata,,2026-07-02 13:46:01,1,0
3493088,,AMC111BTRNK2P#75,,MCH PLAIN TRUNK AST. ( 2/10 ),0,,,o-s9-19,,,0,Distributor,,281855,B10,8515401297,,,,2025-11-02,,6102,2025-02-18 12:09:25,2026-07-02 11:19:01,1,,68083,kolkata,,2026-07-02 11:19:01,1,0
3503068,,AMC101BMINI#95,,MCH PLAIN MINI TRUNK AST (1/10),0,,,DCVG-27,,,0,Distributor,,281572,B10,8515401389,,,,2026-05-02,,5901,2025-02-18 12:11:49,2026-07-02 12:27:14,1,,50231,kolkata,,2026-07-02 12:27:14,1,0
3507563,,AMC111BTRNK2P#80,,MCH PLAIN TRUNK AST. ( 2/10 ),0,,,1zPH-16,,,0,Distributor,,281856,B10,2215404948,,,,2026-03-02,,6169,2025-02-18 12:12:57,2026-07-04 19:31:32,1,,69599,kolkata,,2026-07-04 19:31:32,1,0
3515791,0,ASP032BBLK#S,0.00,SPORTO 222 BLACK,1,[],,HYGXOAO,,,0,Distributors,6141079333,286216,B5,INV-000000095162,2025-02-18,JGH_1100,santhosh,2025-02-15,"""{\""city\"":\""CALICUT\"",\""name\"":\""NEW FASHION SOUK\"",\""state\"":null,\""country\"":null,\""pincode\"":\""0\"",\""email_id\"":null,\""last_name\"":null,\""pan_number\"":null,\""tin_number\"":null,\""customer_id\"":139,\""phone_number\"":null}""",5903,2025-02-18 13:15:11,2026-07-01 11:56:28,1,,77802,tirupur,,2026-07-01 11:56:28,1,0
3518931,0,ACM033BBRIF1AST#90,103.97,AMUL COMFY COLOUR B O.E BRIEF (1 PC),1,[],,TCFMXEK,,,0,Distributors,6141078851,271359,B10,INV-000000095695,2025-02-19,JGH_1100,siva,2025-02-14,"""{\""city\"":\""KASARGOD\"",\""name\"":\""AZIM MARKETING\"",\""state\"":null,\""country\"":null,\""pincode\"":\""0\"",\""email_id\"":null,\""last_name\"":null,\""pan_number\"":null,\""tin_number\"":null,\""customer_id\"":325,\""phone_number\"":null}""",5901,2025-02-19 09:49:20,2026-07-04 19:28:21,1,,73692,tirupur,,2026-07-04 19:28:21,1,0
3519013,0,AMC061BBRIF1AST#75,109.09,MCH SMART CUT BRIEF AST (1/10),1,[],,EAJTAFP,,,0,Distributors,6141078631,281354,B10,INV-000000095685,2025-02-19,JGH_1100,siva,2025-02-14,"""{\""city\"":\""KASARGOD\"",\""name\"":\""AZIM MARKETING\"",\""state\"":null,\""country\"":null,\""pincode\"":\""0\"",\""email_id\"":null,\""last_name\"":null,\""pan_number\"":null,\""tin_number\"":null,\""customer_id\"":325,\""phone_number\"":null}""",5901,2025-02-19 09:53:37,2026-07-04 11:27:20,1,,65332,tirupur,,2026-07-04 11:27:20,1,0
3524449,0,ACM002BRN2P#85,80.00,ACM002BRN2P#85,1,[],,CISTASE,,,0,Distributor,85,270326,B10,INV000000000058,2024-12-27,JGH_1100,subuser2@stockone.com,2024-12-27,"""{\""city\"":\""HINGOLI\"",\""name\"":\""GAYATRI AGENCY\"",\""state\"":14,\""country\"":\""India\"",\""pincode\"":431513,\""email_id\"":\""kishor.gundewar@gmail.com\"",\""last_name\"":null,\""pan_number\"":null,\""tin_number\"":\""29AAKCM8916G1ZZ\"",\""customer_id\"":5970,\""phone_number\"":8600370590}""",5970,2025-02-20 06:46:34,2026-07-04 11:28:44,0,,52144,tirupur,,2026-07-04 11:28:44,1,0
3526013,0,AMC001BRN2PCZP#90,0.00,MACHO FINE VEST WHITE B RN TWIN (2/10)ZP,1,[],,IYGOIXC,,,0,Distributors,6141079564,279704,B10,INV-000000096132,2025-02-20,JGH_1100,ananthi,2025-02-17,"""{\""city\"":\""PONTA SAHIB\"",\""name\"":\""CHOUDHARY TRADERS\"",\""state\"":null,\""country\"":null,\""pincode\"":\""0\"",\""email_id\"":null,\""last_name\"":null,\""pan_number\"":null,\""tin_number\"":null,\""customer_id\"":359,\""phone_number\"":null}""",6121,2025-02-20 08:17:07,2026-07-04 16:34:32,1,,49208,tirupur,,2026-07-04 16:34:32,1,0
3544360,0,ASM001SRN2P#45,80.00,ASM001SRN2P#45,1,[],,QUISJRV,,,0,Distributor,45,285742,B10,INV000000000058,2024-12-27,JGH_1100,subuser2@stockone.com,2024-12-27,"""{\""city\"":\""MALEGAON CAMP\"",\""name\"":\""NEW LAXMIVISHNU DISTRIBUTORS\"",\""state\"":14,\""country\"":\""India\"",\""pincode\"":423205,\""email_id\"":\""yeolegirish4@gmail.com\"",\""last_name\"":null,\""pan_number\"":null,\""tin_number\"":\""29AAKCM8916G1ZZ\"",\""customer_id\"":6017,\""phone_number\"":9028114949}""",6017,2025-02-22 13:03:21,2026-07-02 11:35:04,0,,50751,tirupur,,2026-07-02 11:35:04,1,0
3544361,0,ASM001SRN2P#45,80.00,ASM001SRN2P#45,1,[],,LVBHAKW,,,0,Distributor,45,285742,B10,INV000000000058,2024-12-27,JGH_1100,subuser2@stockone.com,2024-12-27,"""{\""city\"":\""MALEGAON CAMP\"",\""name\"":\""NEW LAXMIVISHNU DISTRIBUTORS\"",\""state\"":14,\""country\"":\""India\"",\""pincode\"":423205,\""email_id\"":\""yeolegirish4@gmail.com\"",\""last_name\"":null,\""pan_number\"":null,\""tin_number\"":\""29AAKCM8916G1ZZ\"",\""customer_id\"":6017,\""phone_number\"":9028114949}""",6017,2025-02-22 13:03:28,2026-07-02 11:34:45,0,,50751,tirupur,,2026-07-02 11:34:45,1,0
3544368,0,ASM001SRN2P#45,80.00,ASM001SRN2P#45,1,[],,LTQYEID,,,0,Distributor,45,285742,B10,INV000000000058,2024-12-27,JGH_1100,subuser2@stockone.com,2024-12-27,"""{\""city\"":\""MALEGAON CAMP\"",\""name\"":\""NEW LAXMIVISHNU DISTRIBUTORS\"",\""state\"":14,\""country\"":\""India\"",\""pincode\"":423205,\""email_id\"":\""yeolegirish4@gmail.com\"",\""last_name\"":null,\""pan_number\"":null,\""tin_number\"":\""29AAKCM8916G1ZZ\"",\""customer_id\"":6017,\""phone_number\"":9028114949}""",6017,2025-02-22 13:03:53,2026-07-02 11:34:44,0,,50751,tirupur,,2026-07-02 11:34:44,1,0
3544369,0,ASM001SRN2P#45,80.00,ASM001SRN2P#45,1,[],,IPMFPLQ,,,0,Distributor,45,285742,B10,INV000000000058,2024-12-27,JGH_1100,subuser2@stockone.com,2024-12-27,"""{\""city\"":\""MALEGAON CAMP\"",\""name\"":\""NEW LAXMIVISHNU DISTRIBUTORS\"",\""state\"":14,\""country\"":\""India\"",\""pincode\"":423205,\""email_id\"":\""yeolegirish4@gmail.com\"",\""last_name\"":null,\""pan_number\"":null,\""tin_number\"":\""29AAKCM8916G1ZZ\"",\""customer_id\"":6017,\""phone_number\"":9028114949}""",6017,2025-02-22 13:04:05,2026-07-02 11:34:44,0,,50751,tirupur,,2026-07-02 11:34:44,1,0
3545723,0,ACM205BBLMR#85,80.00,ACM205BBLMR#85,1,[],,NBZKVFG,,,0,Distributor,85,272074,B10,INV000000000058,2024-12-27,JGH_1100,subuser2@stockone.com,2024-12-27,"""{\""city\"":\""ROHA\"",\""name\"":\""VISHNU HOSIERY\"",\""state\"":14,\""country\"":\""India\"",\""pincode\"":421209,\""email_id\"":\""shivratanpareek38@gmail.com\"",\""last_name\"":null,\""pan_number\"":null,\""tin_number\"":\""29AAKCM8916G1ZZ\"",\""customer_id\"":6065,\""phone_number\"":9820283705}""",6065,2025-02-22 15:29:15,2026-07-01 17:19:14,0,,77742,tirupur,,2026-07-01 17:19:14,1,0
3549168,0,ASI111BTRNK2P#85,80.00,ASI111BTRNK2P#85,1,[],,VHOGOEA,,,0,Distributor,85,285515,B10,INV000000000058,2024-12-27,JGH_1100,subuser2@stockone.com,2024-12-27,"""{\""city\"":\""ROHA\"",\""name\"":\""VISHNU HOSIERY\"",\""state\"":14,\""country\"":\""India\"",\""pincode\"":421209,\""email_id\"":\""shivratanpareek38@gmail.com\"",\""last_name\"":null,\""pan_number\"":null,\""tin_number\"":\""29AAKCM8916G1ZZ\"",\""customer_id\"":6065,\""phone_number\"":9820283705}""",6065,2025-02-22 18:42:34,2026-07-01 16:54:33,0,,77742,tirupur,,2026-07-01 16:54:33,1,0
3549403,0,ASI111BTRNK2P#85,80.00,ASI111BTRNK2P#85,1,[],,CYXLXVO,,,0,Distributor,85,285515,B10,INV000000000058,2024-12-27,JGH_1100,subuser2@stockone.com,2024-12-27,"""{\""city\"":\""ROHA\"",\""name\"":\""VISHNU HOSIERY\"",\""state\"":14,\""country\"":\""India\"",\""pincode\"":421209,\""email_id\"":\""shivratanpareek38@gmail.com\"",\""last_name\"":null,\""pan_number\"":null,\""tin_number\"":\""29AAKCM8916G1ZZ\"",\""customer_id\"":6065,\""phone_number\"":9820283705}""",6065,2025-02-22 18:50:31,2026-07-01 16:54:33,0,,77742,tirupur,,2026-07-01 16:54:33,1,0
3549435,0,ASI111BTRNK2P#85,80.00,ASI111BTRNK2P#85,1,[],,TWNQKUC,,,0,Distributor,85,285515,B10,INV000000000058,2024-12-27,JGH_1100,subuser2@stockone.com,2024-12-27,"""{\""city\"":\""ROHA\"",\""name\"":\""VISHNU HOSIERY\"",\""state\"":14,\""country\"":\""India\"",\""pincode\"":421209,\""email_id\"":\""shivratanpareek38@gmail.com\"",\""last_name\"":null,\""pan_number\"":null,\""tin_number\"":\""29AAKCM8916G1ZZ\"",\""customer_id\"":6065,\""phone_number\"":9820283705}""",6065,2025-02-22 18:52:17,2026-07-01 16:54:33,0,,77742,tirupur,,2026-07-01 16:54:33,1,0
3549536,0,ASI111BTRNK2P#85,80.00,ASI111BTRNK2P#85,1,[],,SVUFWST,,,0,Distributor,85,285515,B10,INV000000000058,2024-12-27,JGH_1100,subuser2@stockone.com,2024-12-27,"""{\""city\"":\""ROHA\"",\""name\"":\""VISHNU HOSIERY\"",\""state\"":14,\""country\"":\""India\"",\""pincode\"":421209,\""email_id\"":\""shivratanpareek38@gmail.com\"",\""last_name\"":null,\""pan_number\"":null,\""tin_number\"":\""29AAKCM8916G1ZZ\"",\""customer_id\"":6065,\""phone_number\"":9820283705}""",6065,2025-02-22 18:57:20,2026-07-01 16:54:33,0,,77742,tirupur,,2026-07-01 16:54:33,1,0
3551493,0,ACM033BBRIF2AST#100,0.00,AMUL COMFY COLOUR B O.E BRIEF (2/10),1,[],,WMKDWBG,,,0,Distributors,6141080251,271482,B10,INV-000000097916,2025-02-22,JGH_1100,anand,2025-02-18,"""{\""city\"":\""VIJAYAWADA\"",\""name\"":\""SRILAKSHMI ENTERPRISES\"",\""state\"":null,\""country\"":null,\""pincode\"":\""0\"",\""email_id\"":null,\""last_name\"":null,\""pan_number\"":null,\""tin_number\"":null,\""customer_id\"":598,\""phone_number\"":null}""",5925,2025-02-22 20:04:45,2026-07-04 09:57:08,1,,69042,tirupur,,2026-07-04 09:57:08,1,0
3552377,0,ACM271SLPSAST-LS11#85,80.00,ACM271SLPSAST-LS11#85,1,[],,MEHUNQQ,,,0,Distributor,85,272885,B5,INV000000000058,2024-12-27,JGH_1100,subuser2@stockone.com,2024-12-27,"""{\""city\"":\""ROHA\"",\""name\"":\""VISHNU HOSIERY\"",\""state\"":14,\""country\"":\""India\"",\""pincode\"":421209,\""email_id\"":\""shivratanpareek38@gmail.com\"",\""last_name\"":null,\""pan_number\"":null,\""tin_number\"":\""29AAKCM8916G1ZZ\"",\""customer_id\"":6065,\""phone_number\"":9820283705}""",6065,2025-02-23 09:52:01,2026-07-01 17:10:42,0,,77742,tirupur,,2026-07-01 17:10:42,1,0
3552387,0,ACM271SLPSAST-LS11#85,80.00,ACM271SLPSAST-LS11#85,1,[],,VAYDVOS,,,0,Distributor,85,272885,B5,INV000000000058,2024-12-27,JGH_1100,subuser2@stockone.com,2024-12-27,"""{\""city\"":\""ROHA\"",\""name\"":\""VISHNU HOSIERY\"",\""state\"":14,\""country\"":\""India\"",\""pincode\"":421209,\""email_id\"":\""shivratanpareek38@gmail.com\"",\""last_name\"":null,\""pan_number\"":null,\""tin_number\"":\""29AAKCM8916G1ZZ\"",\""customer_id\"":6065,\""phone_number\"":9820283705}""",6065,2025-02-23 09:53:19,2026-07-01 16:46:09,0,,77742,tirupur,,2026-07-01 16:46:09,1,0
3552411,0,ACM211BCSRT-BLK#85,80.00,ACM211BCSRT-BLK#85,1,[],,KBRKOQQ,,,0,Distributor,85,272119,B5,INV000000000058,2024-12-27,JGH_1100,subuser2@stockone.com,2024-12-27,"""{\""city\"":\""ROHA\"",\""name\"":\""VISHNU HOSIERY\"",\""state\"":14,\""country\"":\""India\"",\""pincode\"":421209,\""email_id\"":\""shivratanpareek38@gmail.com\"",\""last_name\"":null,\""pan_number\"":null,\""tin_number\"":\""29AAKCM8916G1ZZ\"",\""customer_id\"":6065,\""phone_number\"":9820283705}""",6065,2025-02-23 09:59:52,2026-07-01 17:10:42,0,,77742,tirupur,,2026-07-01 17:10:42,1,0
3552433,0,ACM211BCSRT-BLK#85,80.00,ACM211BCSRT-BLK#85,1,[],,FOBIMJA,,,0,Distributor,85,272119,B5,INV000000000058,2024-12-27,JGH_1100,subuser2@stockone.com,2024-12-27,"""{\""city\"":\""ROHA\"",\""name\"":\""VISHNU HOSIERY\"",\""state\"":14,\""country\"":\""India\"",\""pincode\"":421209,\""email_id\"":\""shivratanpareek38@gmail.com\"",\""last_name\"":null,\""pan_number\"":null,\""tin_number\"":\""29AAKCM8916G1ZZ\"",\""customer_id\"":6065,\""phone_number\"":9820283705}""",6065,2025-02-23 10:08:47,2026-07-01 17:10:42,0,,77742,tirupur,,2026-07-01 17:10:42,1,0
3552434,0,ACM211BCSRT-BLK#85,80.00,ACM211BCSRT-BLK#85,1,[],,WQZHDRS,,,0,Distributor,85,272119,B5,INV000000000058,2024-12-27,JGH_1100,subuser2@stockone.com,2024-12-27,"""{\""city\"":\""ROHA\"",\""name\"":\""VISHNU HOSIERY\"",\""state\"":14,\""country\"":\""India\"",\""pincode\"":421209,\""email_id\"":\""shivratanpareek38@gmail.com\"",\""last_name\"":null,\""pan_number\"":null,\""tin_number\"":\""29AAKCM8916G1ZZ\"",\""customer_id\"":6065,\""phone_number\"":9820283705}""",6065,2025-02-23 10:09:00,2026-07-01 17:10:43,0,,77742,tirupur,,2026-07-01 17:10:43,1,0
3552435,0,ACM211BCSRT-BLK#85,80.00,ACM211BCSRT-BLK#85,1,[],,MLAICJZ,,,0,Distributor,85,272119,B5,INV000000000058,2024-12-27,JGH_1100,subuser2@stockone.com,2024-12-27,"""{\""city\"":\""ROHA\"",\""name\"":\""VISHNU HOSIERY\"",\""state\"":14,\""country\"":\""India\"",\""pincode\"":421209,\""email_id\"":\""shivratanpareek38@gmail.com\"",\""last_name\"":null,\""pan_number\"":null,\""tin_number\"":\""29AAKCM8916G1ZZ\"",\""customer_id\"":6065,\""phone_number\"":9820283705}""",6065,2025-02-23 10:09:12,2026-07-01 17:10:42,0,,77742,tirupur,,2026-07-01 17:10:42,1,0
3552440,0,ACM211BCSRT-BLK#85,80.00,ACM211BCSRT-BLK#85,1,[],,QUBEVYY,,,0,Distributor,85,272119,B5,INV000000000058,2024-12-27,JGH_1100,subuser2@stockone.com,2024-12-27,"""{\""city\"":\""ROHA\"",\""name\"":\""VISHNU HOSIERY\"",\""state\"":14,\""country\"":\""India\"",\""pincode\"":421209,\""email_id\"":\""shivratanpareek38@gmail.com\"",\""last_name\"":null,\""pan_number\"":null,\""tin_number\"":\""29AAKCM8916G1ZZ\"",\""customer_id\"":6065,\""phone_number\"":9820283705}""",6065,2025-02-23 10:11:15,2026-07-01 17:10:42,0,,77742,tirupur,,2026-07-01 17:10:42,1,0
3552441,0,ACM211BCSRT-BLK#85,80.00,ACM211BCSRT-BLK#85,1,[],,YPREHSC,,,0,Distributor,85,272119,B5,INV000000000058,2024-12-27,JGH_1100,subuser2@stockone.com,2024-12-27,"""{\""city\"":\""ROHA\"",\""name\"":\""VISHNU HOSIERY\"",\""state\"":14,\""country\"":\""India\"",\""pincode\"":421209,\""email_id\"":\""shivratanpareek38@gmail.com\"",\""last_name\"":null,\""pan_number\"":null,\""tin_number\"":\""29AAKCM8916G1ZZ\"",\""customer_id\"":6065,\""phone_number\"":9820283705}""",6065,2025-02-23 10:11:30,2026-07-01 17:10:42,0,,77742,tirupur,,2026-07-01 17:10:42,1,0
3552449,0,ACM211BCSRT-BLK#85,80.00,ACM211BCSRT-BLK#85,1,[],,HLIJPXL,,,0,Distributor,85,272119,B5,INV000000000058,2024-12-27,JGH_1100,subuser2@stockone.com,2024-12-27,"""{\""city\"":\""ROHA\"",\""name\"":\""VISHNU HOSIERY\"",\""state\"":14,\""country\"":\""India\"",\""pincode\"":421209,\""email_id\"":\""shivratanpareek38@gmail.com\"",\""last_name\"":null,\""pan_number\"":null,\""tin_number\"":\""29AAKCM8916G1ZZ\"",\""customer_id\"":6065,\""phone_number\"":9820283705}""",6065,2025-02-23 10:13:01,2026-07-01 17:10:42,0,,77742,tirupur,,2026-07-01 17:10:42,1,0
3552450,0,ACM211BCSRT-BLK#85,80.00,ACM211BCSRT-BLK#85,1,[],,JJAMARL,,,0,Distributor,85,272119,B5,INV000000000058,2024-12-27,JGH_1100,subuser2@stockone.com,2024-12-27,"""{\""city\"":\""ROHA\"",\""name\"":\""VISHNU HOSIERY\"",\""state\"":14,\""country\"":\""India\"",\""pincode\"":421209,\""email_id\"":\""shivratanpareek38@gmail.com\"",\""last_name\"":null,\""pan_number\"":null,\""tin_number\"":\""29AAKCM8916G1ZZ\"",\""customer_id\"":6065,\""phone_number\"":9820283705}""",6065,2025-02-23 10:13:15,2026-07-01 17:10:43,0,,77742,tirupur,,2026-07-01 17:10:43,1,0
3552452,0,ACM211BCSRT-BLK#85,80.00,ACM211BCSRT-BLK#85,1,[],,CNSQFWL,,,0,Distributor,85,272119,B5,INV000000000058,2024-12-27,JGH_1100,subuser2@stockone.com,2024-12-27,"""{\""city\"":\""ROHA\"",\""name\"":\""VISHNU HOSIERY\"",\""state\"":14,\""country\"":\""India\"",\""pincode\"":421209,\""email_id\"":\""shivratanpareek38@gmail.com\"",\""last_name\"":null,\""pan_number\"":null,\""tin_number\"":\""29AAKCM8916G1ZZ\"",\""customer_id\"":6065,\""phone_number\"":9820283705}""",6065,2025-02-23 10:13:51,2026-07-01 17:10:43,0,,77742,tirupur,,2026-07-01 17:10:43,1,0
3552453,0,ACM211BCSRT-BLK#85,80.00,ACM211BCSRT-BLK#85,1,[],,UJTTKDC,,,0,Distributor,85,272119,B5,INV000000000058,2024-12-27,JGH_1100,subuser2@stockone.com,2024-12-27,"""{\""city\"":\""ROHA\"",\""name\"":\""VISHNU HOSIERY\"",\""state\"":14,\""country\"":\""India\"",\""pincode\"":421209,\""email_id\"":\""shivratanpareek38@gmail.com\"",\""last_name\"":null,\""pan_number\"":null,\""tin_number\"":\""29AAKCM8916G1ZZ\"",\""customer_id\"":6065,\""phone_number\"":9820283705}""",6065,2025-02-23 10:13:59,2026-07-01 17:10:43,0,,77742,tirupur,,2026-07-01 17:10:43,1,0
3552619,0,ACM211BCSRT-AST#85,80.00,ACM211BCSRT-AST#85,1,[],,ODNZGJQ,,,0,Distributor,85,272097,B5,INV000000000058,2024-12-27,JGH_1100,subuser2@stockone.com,2024-12-27,"""{\""city\"":\""ROHA\"",\""name\"":\""VISHNU HOSIERY\"",\""state\"":14,\""country\"":\""India\"",\""pincode\"":421209,\""email_id\"":\""shivratanpareek38@gmail.com\"",\""last_name\"":null,\""pan_number\"":null,\""tin_number\"":\""29AAKCM8916G1ZZ\"",\""customer_id\"":6065,\""phone_number\"":9820283705}""",6065,2025-02-23 10:59:56,2026-07-01 17:10:42,0,,77742,tirupur,,2026-07-01 17:10:42,1,0
3552883,0,ACM006BRN2P#85,80.00,ACM006BRN2P#85,1,[],,WGPFHJW,,,0,Distributor,85,270484,B10,INV000000000058,2024-12-27,JGH_1100,subuser2@stockone.com,2024-12-27,"""{\""city\"":\""ROHA\"",\""name\"":\""VISHNU HOSIERY\"",\""state\"":14,\""country\"":\""India\"",\""pincode\"":421209,\""email_id\"":\""shivratanpareek38@gmail.com\"",\""last_name\"":null,\""pan_number\"":null,\""tin_number\"":\""29AAKCM8916G1ZZ\"",\""customer_id\"":6065,\""phone_number\"":9820283705}""",6065,2025-02-23 11:37:35,2026-07-01 17:19:14,0,,77742,tirupur,,2026-07-01 17:19:14,1,0
3552884,0,ACM006BRN2P#85,80.00,ACM006BRN2P#85,1,[],,SYSNOQN,,,0,Distributor,85,270484,B10,INV000000000058,2024-12-27,JGH_1100,subuser2@stockone.com,2024-12-27,"""{\""city\"":\""ROHA\"",\""name\"":\""VISHNU HOSIERY\"",\""state\"":14,\""country\"":\""India\"",\""pincode\"":421209,\""email_id\"":\""shivratanpareek38@gmail.com\"",\""last_name\"":null,\""pan_number\"":null,\""tin_number\"":\""29AAKCM8916G1ZZ\"",\""customer_id\"":6065,\""phone_number\"":9820283705}""",6065,2025-02-23 11:37:39,2026-07-01 17:20:29,0,,77742,tirupur,,2026-07-01 17:20:29,1,0
3552885,0,ACM006BRN2P#85,80.00,ACM006BRN2P#85,1,[],,VZWRCYF,,,0,Distributor,85,270484,B10,INV000000000058,2024-12-27,JGH_1100,subuser2@stockone.com,2024-12-27,"""{\""city\"":\""ROHA\"",\""name\"":\""VISHNU HOSIERY\"",\""state\"":14,\""country\"":\""India\"",\""pincode\"":421209,\""email_id\"":\""shivratanpareek38@gmail.com\"",\""last_name\"":null,\""pan_number\"":null,\""tin_number\"":\""29AAKCM8916G1ZZ\"",\""customer_id\"":6065,\""phone_number\"":9820283705}""",6065,2025-02-23 11:37:45,2026-07-01 17:20:29,0,,77742,tirupur,,2026-07-01 17:20:29,1,0
3552921,0,ACM006BRN2P#85,80.00,ACM006BRN2P#85,1,[],,ZUULIJN,,,0,Distributor,85,270484,B10,INV000000000058,2024-12-27,JGH_1100,subuser2@stockone.com,2024-12-27,"""{\""city\"":\""ROHA\"",\""name\"":\""VISHNU HOSIERY\"",\""state\"":14,\""country\"":\""India\"",\""pincode\"":421209,\""email_id\"":\""shivratanpareek38@gmail.com\"",\""last_name\"":null,\""pan_number\"":null,\""tin_number\"":\""29AAKCM8916G1ZZ\"",\""customer_id\"":6065,\""phone_number\"":9820283705}""",6065,2025-02-23 11:48:39,2026-07-01 17:19:14,0,,77742,tirupur,,2026-07-01 17:19:14,1,0
3552971,0,ACM006BRN2P#85,80.00,ACM006BRN2P#85,1,[],,MOTHBPA,,,0,Distributor,85,270484,B10,INV000000000058,2024-12-27,JGH_1100,subuser2@stockone.com,2024-12-27,"""{\""city\"":\""ROHA\"",\""name\"":\""VISHNU HOSIERY\"",\""state\"":14,\""country\"":\""India\"",\""pincode\"":421209,\""email_id\"":\""shivratanpareek38@gmail.com\"",\""last_name\"":null,\""pan_number\"":null,\""tin_number\"":\""29AAKCM8916G1ZZ\"",\""customer_id\"":6065,\""phone_number\"":9820283705}""",6065,2025-02-23 12:02:34,2026-07-01 16:46:09,0,,77742,tirupur,,2026-07-01 16:46:09,1,0
3554155,0,ASI001BRNS2P#85,80.00,ASI001BRNS2P#85,1,[],,CNVNBDA,,,0,Distributor,85,284690,B10,INV000000000058,2024-12-27,JGH_1100,subuser2@stockone.com,2024-12-27,"""{\""city\"":\""ROHA\"",\""name\"":\""VISHNU HOSIERY\"",\""state\"":14,\""country\"":\""India\"",\""pincode\"":421209,\""email_id\"":\""shivratanpareek38@gmail.com\"",\""last_name\"":null,\""pan_number\"":null,\""tin_number\"":\""29AAKCM8916G1ZZ\"",\""customer_id\"":6065,\""phone_number\"":9820283705}""",6065,2025-02-23 14:42:03,2026-07-01 16:42:06,0,,77742,tirupur,,2026-07-01 16:42:06,1,0
3577546,0,ASI101BMINI2P#85,80.00,ASI101BMINI2P#85,1,[],,IZSOKVX,,,0,Distributor,85,285347,B10,INV000000000058,2024-12-27,JGH_1100,subuser2@stockone.com,2024-12-27,"""{\""city\"":\""MALEGAON CAMP\"",\""name\"":\""NEW LAXMIVISHNU DISTRIBUTORS\"",\""state\"":14,\""country\"":\""India\"",\""pincode\"":423205,\""email_id\"":\""yeolegirish4@gmail.com\"",\""last_name\"":null,\""pan_number\"":null,\""tin_number\"":\""29AAKCM8916G1ZZ\"",\""customer_id\"":6017,\""phone_number\"":9028114949}""",6017,2025-02-24 18:14:46,2026-07-05 10:38:51,0,,49465,tirupur,,2026-07-05 10:38:51,1,0
3580647,0,ACM211BCSRT-AST#75,0.00,AMUL COMFY PLAIN ASST. CYCLING SHORT,1,[],,IBNAGOF,,,0,Distributors,6141083196,272095,B5,INV-00000098552,2025-02-24,JGH_1100,balu,2025-02-20,"""{\""city\"":\""BANGALORE\"",\""name\"":\""GAYATHRI DISTRIBUTORS\"",\""state\"":null,\""country\"":null,\""pincode\"":\""0\"",\""email_id\"":null,\""last_name\"":null,\""pan_number\"":null,\""tin_number\"":null,\""customer_id\"":368,\""phone_number\"":null}""",5878,2025-02-24 18:55:55,2026-07-02 13:25:03,1,,67749,tirupur,,2026-07-02 13:25:03,1,0
3582991,0,ASI101BMINI2P#85,80.00,ASI101BMINI2P#85,1,[],,VUZRPLH,,,0,Distributor,85,285347,B10,INV000000000058,2024-12-27,JGH_1100,subuser2@stockone.com,2024-12-27,"""{\""city\"":\""MALEGAON CAMP\"",\""name\"":\""NEW LAXMIVISHNU DISTRIBUTORS\"",\""state\"":14,\""country\"":\""India\"",\""pincode\"":423205,\""email_id\"":\""yeolegirish4@gmail.com\"",\""last_name\"":null,\""pan_number\"":null,\""tin_number\"":\""29AAKCM8916G1ZZ\"",\""customer_id\"":6017,\""phone_number\"":9028114949}""",6017,2025-02-24 19:52:26,2026-07-04 13:21:48,0,,50751,tirupur,,2026-07-04 13:21:48,1,0
3583802,0,ASI001BRNS2P#85,80.00,ASI001BRNS2P#85,1,[],,NZHPZSN,,,0,Distributor,85,284690,B10,INV000000000058,2024-12-27,JGH_1100,subuser2@stockone.com,2024-12-27,"""{\""city\"":\""MALEGAON CAMP\"",\""name\"":\""NEW LAXMIVISHNU DISTRIBUTORS\"",\""state\"":14,\""country\"":\""India\"",\""pincode\"":423205,\""email_id\"":\""yeolegirish4@gmail.com\"",\""last_name\"":null,\""pan_number\"":null,\""tin_number\"":\""29AAKCM8916G1ZZ\"",\""customer_id\"":6017,\""phone_number\"":9028114949}""",6017,2025-02-25 11:15:51,2026-07-05 10:38:50,0,,49465,tirupur,,2026-07-05 10:38:50,1,0
3584446,0,ACM203BBLMR#85,80.00,ACM203BBLMR#85,1,[],,VHEAMXI,,,0,Distributor,85,271943,B10,INV000000000058,2024-12-27,JGH_1100,subuser2@stockone.com,2024-12-27,"""{\""city\"":\""GEORAI\"",\""name\"":\""VARDAN DRESSES\"",\""state\"":14,\""country\"":\""India\"",\""pincode\"":431127,\""email_id\"":\""vardandresses9@gmail.com\"",\""last_name\"":null,\""pan_number\"":null,\""tin_number\"":\""29AAKCM8916G1ZZ\"",\""customer_id\"":6020,\""phone_number\"":9822780853}""",6020,2025-02-25 12:08:35,2026-07-02 17:14:27,0,,50792,tirupur,,2026-07-02 17:14:27,1,0
3590053,0,AMC002BRNZP#90,55.42,MACHO ELITE VEST WHT RN (1/10) ZP,1,[],,TGEKMZD,,,0,Distributors,6141086149,280019,B10,INV-00000099025,2025-02-25,JGH_1100,balu,2025-02-24,"""{\""city\"":\""PALAKKAD\"",\""name\"":\""V.LAKSHMANAN\"",\""state\"":null,\""country\"":null,\""pincode\"":\""0\"",\""email_id\"":null,\""last_name\"":null,\""pan_number\"":null,\""tin_number\"":null,\""customer_id\"":140,\""phone_number\"":null}""",5906,2025-02-25 16:33:08,2026-07-01 11:08:52,1,,77804,tirupur,,2026-07-01 11:08:52,1,0
3590110,0,AMC002BRNZP#95,55.42,MACHO ELITE VEST WHT RN (1/10) ZP,1,[],,XEDWECW,,,0,Distributors,6141086150,280020,B10,INV-00000099026,2025-02-25,JGH_1100,balu,2025-02-24,"""{\""city\"":\""PALAKKAD\"",\""name\"":\""V.LAKSHMANAN\"",\""state\"":null,\""country\"":null,\""pincode\"":\""0\"",\""email_id\"":null,\""last_name\"":null,\""pan_number\"":null,\""tin_number\"":null,\""customer_id\"":140,\""phone_number\"":null}""",5906,2025-02-25 16:33:31,2026-07-01 13:12:08,1,,77810,tirupur,,2026-07-01 13:12:08,1,0
3603910,0,ACM205BBLMR#85,80.00,ACM205BBLMR#85,1,[],,KBTSFKT,,,0,Distributor,85,272074,B10,INV000000000058,2024-12-27,JGH_1100,subuser2@stockone.com,2024-12-27,"""{\""city\"":\""MALEGAON CAMP\"",\""name\"":\""NEW LAXMIVISHNU DISTRIBUTORS\"",\""state\"":14,\""country\"":\""India\"",\""pincode\"":423205,\""email_id\"":\""yeolegirish4@gmail.com\"",\""last_name\"":null,\""pan_number\"":null,\""tin_number\"":\""29AAKCM8916G1ZZ\"",\""customer_id\"":6017,\""phone_number\"":9028114949}""",6017,2025-02-26 10:44:09,2026-07-02 11:39:40,0,,50751,tirupur,,2026-07-02 11:39:40,1,0
3603911,0,ACM205BBLMR#85,80.00,ACM205BBLMR#85,1,[],,AVSCPHX,,,0,Distributor,85,272074,B10,INV000000000058,2024-12-27,JGH_1100,subuser2@stockone.com,2024-12-27,"""{\""city\"":\""MALEGAON CAMP\"",\""name\"":\""NEW LAXMIVISHNU DISTRIBUTORS\"",\""state\"":14,\""country\"":\""India\"",\""pincode\"":423205,\""email_id\"":\""yeolegirish4@gmail.com\"",\""last_name\"":null,\""pan_number\"":null,\""tin_number\"":\""29AAKCM8916G1ZZ\"",\""customer_id\"":6017,\""phone_number\"":9028114949}""",6017,2025-02-26 10:44:15,2026-07-02 11:39:39,0,,50751,tirupur,,2026-07-02 11:39:39,1,0
3603913,0,ACM205BBLMR#85,80.00,ACM205BBLMR#85,1,[],,PTLDTZG,,,0,Distributor,85,272074,B10,INV000000000058,2024-12-27,JGH_1100,subuser2@stockone.com,2024-12-27,"""{\""city\"":\""MALEGAON CAMP\"",\""name\"":\""NEW LAXMIVISHNU DISTRIBUTORS\"",\""state\"":14,\""country\"":\""India\"",\""pincode\"":423205,\""email_id\"":\""yeolegirish4@gmail.com\"",\""last_name\"":null,\""pan_number\"":null,\""tin_number\"":\""29AAKCM8916G1ZZ\"",\""customer_id\"":6017,\""phone_number\"":9028114949}""",6017,2025-02-26 10:44:22,2026-07-02 11:39:39,0,,50751,tirupur,,2026-07-02 11:39:39,1,0
3603915,0,ACM205BBLMR#85,80.00,ACM205BBLMR#85,1,[],,MQCMCNY,,,0,Distributor,85,272074,B10,INV000000000058,2024-12-27,JGH_1100,subuser2@stockone.com,2024-12-27,"""{\""city\"":\""MALEGAON CAMP\"",\""name\"":\""NEW LAXMIVISHNU DISTRIBUTORS\"",\""state\"":14,\""country\"":\""India\"",\""pincode\"":423205,\""email_id\"":\""yeolegirish4@gmail.com\"",\""last_name\"":null,\""pan_number\"":null,\""tin_number\"":\""29AAKCM8916G1ZZ\"",\""customer_id\"":6017,\""phone_number\"":9028114949}""",6017,2025-02-26 10:44:27,2026-07-02 11:39:39,0,,50751,tirupur,,2026-07-02 11:39:39,1,0
3603916,0,ACM205BBLMR#85,80.00,ACM205BBLMR#85,1,[],,POWIBSW,,,0,Distributor,85,272074,B10,INV000000000058,2024-12-27,JGH_1100,subuser2@stockone.com,2024-12-27,"""{\""city\"":\""MALEGAON CAMP\"",\""name\"":\""NEW LAXMIVISHNU DISTRIBUTORS\"",\""state\"":14,\""country\"":\""India\"",\""pincode\"":423205,\""email_id\"":\""yeolegirish4@gmail.com\"",\""last_name\"":null,\""pan_number\"":null,\""tin_number\"":\""29AAKCM8916G1ZZ\"",\""customer_id\"":6017,\""phone_number\"":9028114949}""",6017,2025-02-26 10:44:32,2026-07-02 11:39:40,0,,50751,tirupur,,2026-07-02 11:39:40,1,0
3603918,0,ACM205BBLMR#85,80.00,ACM205BBLMR#85,1,[],,HECJUWA,,,0,Distributor,85,272074,B10,INV000000000058,2024-12-27,JGH_1100,subuser2@stockone.com,2024-12-27,"""{\""city\"":\""MALEGAON CAMP\"",\""name\"":\""NEW LAXMIVISHNU DISTRIBUTORS\"",\""state\"":14,\""country\"":\""India\"",\""pincode\"":423205,\""email_id\"":\""yeolegirish4@gmail.com\"",\""last_name\"":null,\""pan_number\"":null,\""tin_number\"":\""29AAKCM8916G1ZZ\"",\""customer_id\"":6017,\""phone_number\"":9028114949}""",6017,2025-02-26 10:44:37,2026-07-02 11:39:39,0,,50751,tirupur,,2026-07-02 11:39:39,1,0
3603949,0,ACM205BBLMR#85,80.00,ACM205BBLMR#85,1,[],,STINESO,,,0,Distributor,85,272074,B10,INV000000000058,2024-12-27,JGH_1100,subuser2@stockone.com,2024-12-27,"""{\""city\"":\""MALEGAON CAMP\"",\""name\"":\""NEW LAXMIVISHNU DISTRIBUTORS\"",\""state\"":14,\""country\"":\""India\"",\""pincode\"":423205,\""email_id\"":\""yeolegirish4@gmail.com\"",\""last_name\"":null,\""pan_number\"":null,\""tin_number\"":\""29AAKCM8916G1ZZ\"",\""customer_id\"":6017,\""phone_number\"":9028114949}""",6017,2025-02-26 10:48:00,2026-07-02 11:39:40,0,,50751,tirupur,,2026-07-02 11:39:40,1,0
3603950,0,ACM205BBLMR#85,80.00,ACM205BBLMR#85,1,[],,LXWJKRY,,,0,Distributor,85,272074,B10,INV000000000058,2024-12-27,JGH_1100,subuser2@stockone.com,2024-12-27,"""{\""city\"":\""MALEGAON CAMP\"",\""name\"":\""NEW LAXMIVISHNU DISTRIBUTORS\"",\""state\"":14,\""country\"":\""India\"",\""pincode\"":423205,\""email_id\"":\""yeolegirish4@gmail.com\"",\""last_name\"":null,\""pan_number\"":null,\""tin_number\"":\""29AAKCM8916G1ZZ\"",\""customer_id\"":6017,\""phone_number\"":9028114949}""",6017,2025-02-26 10:48:06,2026-07-02 11:39:39,0,,50751,tirupur,,2026-07-02 11:39:39,1,0
3603951,0,ACM205BBLMR#85,80.00,ACM205BBLMR#85,1,[],,DMLSPLQ,,,0,Distributor,85,272074,B10,INV000000000058,2024-12-27,JGH_1100,subuser2@stockone.com,2024-12-27,"""{\""city\"":\""MALEGAON CAMP\"",\""name\"":\""NEW LAXMIVISHNU DISTRIBUTORS\"",\""state\"":14,\""country\"":\""India\"",\""pincode\"":423205,\""email_id\"":\""yeolegirish4@gmail.com\"",\""last_name\"":null,\""pan_number\"":null,\""tin_number\"":\""29AAKCM8916G1ZZ\"",\""customer_id\"":6017,\""phone_number\"":9028114949}""",6017,2025-02-26 10:48:13,2026-07-02 11:39:40,0,,50751,tirupur,,2026-07-02 11:39:40,1,0
3603952,0,ACM205BBLMR#85,80.00,ACM205BBLMR#85,1,[],,QSSLOKL,,,0,Distributor,85,272074,B10,INV000000000058,2024-12-27,JGH_1100,subuser2@stockone.com,2024-12-27,"""{\""city\"":\""MALEGAON CAMP\"",\""name\"":\""NEW LAXMIVISHNU DISTRIBUTORS\"",\""state\"":14,\""country\"":\""India\"",\""pincode\"":423205,\""email_id\"":\""yeolegirish4@gmail.com\"",\""last_name\"":null,\""pan_number\"":null,\""tin_number\"":\""29AAKCM8916G1ZZ\"",\""customer_id\"":6017,\""phone_number\"":9028114949}""",6017,2025-02-26 10:48:21,2026-07-02 11:39:40,0,,50751,tirupur,,2026-07-02 11:39:40,1,0
3603953,0,ACM205BBLMR#85,80.00,ACM205BBLMR#85,1,[],,RZCDSPQ,,,0,Distributor,85,272074,B10,INV000000000058,2024-12-27,JGH_1100,subuser2@stockone.com,2024-12-27,"""{\""city\"":\""MALEGAON CAMP\"",\""name\"":\""NEW LAXMIVISHNU DISTRIBUTORS\"",\""state\"":14,\""country\"":\""India\"",\""pincode\"":423205,\""email_id\"":\""yeolegirish4@gmail.com\"",\""last_name\"":null,\""pan_number\"":null,\""tin_number\"":\""29AAKCM8916G1ZZ\"",\""customer_id\"":6017,\""phone_number\"":9028114949}""",6017,2025-02-26 10:48:26,2026-07-02 11:39:40,0,,50751,tirupur,,2026-07-02 11:39:40,1,0
3603954,0,ACM205BBLMR#85,80.00,ACM205BBLMR#85,1,[],,YAMEUWG,,,0,Distributor,85,272074,B10,INV000000000058,2024-12-27,JGH_1100,subuser2@stockone.com,2024-12-27,"""{\""city\"":\""MALEGAON CAMP\"",\""name\"":\""NEW LAXMIVISHNU DISTRIBUTORS\"",\""state\"":14,\""country\"":\""India\"",\""pincode\"":423205,\""email_id\"":\""yeolegirish4@gmail.com\"",\""last_name\"":null,\""pan_number\"":null,\""tin_number\"":\""29AAKCM8916G1ZZ\"",\""customer_id\"":6017,\""phone_number\"":9028114949}""",6017,2025-02-26 10:48:35,2026-07-02 11:39:40,0,,50751,tirupur,,2026-07-02 11:39:40,1,0
3603955,0,ACM205BBLMR#85,80.00,ACM205BBLMR#85,1,[],,ZHSLSYJ,,,0,Distributor,85,272074,B10,INV000000000058,2024-12-27,JGH_1100,subuser2@stockone.com,2024-12-27,"""{\""city\"":\""MALEGAON CAMP\"",\""name\"":\""NEW LAXMIVISHNU DISTRIBUTORS\"",\""state\"":14,\""country\"":\""India\"",\""pincode\"":423205,\""email_id\"":\""yeolegirish4@gmail.com\"",\""last_name\"":null,\""pan_number\"":null,\""tin_number\"":\""29AAKCM8916G1ZZ\"",\""customer_id\"":6017,\""phone_number\"":9028114949}""",6017,2025-02-26 10:48:41,2026-07-02 11:39:41,0,,50751,tirupur,,2026-07-02 11:39:41,1,0
3603956,0,ACM205BBLMR#85,80.00,ACM205BBLMR#85,1,[],,FFBSOEI,,,0,Distributor,85,272074,B10,INV000000000058,2024-12-27,JGH_1100,subuser2@stockone.com,2024-12-27,"""{\""city\"":\""MALEGAON CAMP\"",\""name\"":\""NEW LAXMIVISHNU DISTRIBUTORS\"",\""state\"":14,\""country\"":\""India\"",\""pincode\"":423205,\""email_id\"":\""yeolegirish4@gmail.com\"",\""last_name\"":null,\""pan_number\"":null,\""tin_number\"":\""29AAKCM8916G1ZZ\"",\""customer_id\"":6017,\""phone_number\"":9028114949}""",6017,2025-02-26 10:48:46,2026-07-02 11:39:41,0,,50751,tirupur,,2026-07-02 11:39:41,1,0
3603957,0,ACM205BBLMR#85,80.00,ACM205BBLMR#85,1,[],,LAVXQZM,,,0,Distributor,85,272074,B10,INV000000000058,2024-12-27,JGH_1100,subuser2@stockone.com,2024-12-27,"""{\""city\"":\""MALEGAON CAMP\"",\""name\"":\""NEW LAXMIVISHNU DISTRIBUTORS\"",\""state\"":14,\""country\"":\""India\"",\""pincode\"":423205,\""email_id\"":\""yeolegirish4@gmail.com\"",\""last_name\"":null,\""pan_number\"":null,\""tin_number\"":\""29AAKCM8916G1ZZ\"",\""customer_id\"":6017,\""phone_number\"":9028114949}""",6017,2025-02-26 10:48:51,2026-07-02 11:39:41,0,,50751,tirupur,,2026-07-02 11:39:41,1,0
3603958,0,ACM205BBLMR#85,80.00,ACM205BBLMR#85,1,[],,KKBUEYM,,,0,Distributor,85,272074,B10,INV000000000058,2024-12-27,JGH_1100,subuser2@stockone.com,2024-12-27,"""{\""city\"":\""MALEGAON CAMP\"",\""name\"":\""NEW LAXMIVISHNU DISTRIBUTORS\"",\""state\"":14,\""country\"":\""India\"",\""pincode\"":423205,\""email_id\"":\""yeolegirish4@gmail.com\"",\""last_name\"":null,\""pan_number\"":null,\""tin_number\"":\""29AAKCM8916G1ZZ\"",\""customer_id\"":6017,\""phone_number\"":9028114949}""",6017,2025-02-26 10:48:56,2026-07-02 11:39:41,0,,50751,tirupur,,2026-07-02 11:39:41,1,0
3603959,0,ACM205BBLMR#85,80.00,ACM205BBLMR#85,1,[],,DJEGKDJ,,,0,Distributor,85,272074,B10,INV000000000058,2024-12-27,JGH_1100,subuser2@stockone.com,2024-12-27,"""{\""city\"":\""MALEGAON CAMP\"",\""name\"":\""NEW LAXMIVISHNU DISTRIBUTORS\"",\""state\"":14,\""country\"":\""India\"",\""pincode\"":423205,\""email_id\"":\""yeolegirish4@gmail.com\"",\""last_name\"":null,\""pan_number\"":null,\""tin_number\"":\""29AAKCM8916G1ZZ\"",\""customer_id\"":6017,\""phone_number\"":9028114949}""",6017,2025-02-26 10:49:01,2026-07-02 11:39:41,0,,50751,tirupur,,2026-07-02 11:39:41,1,0
3603960,0,ACM205BBLMR#85,80.00,ACM205BBLMR#85,1,[],,ITPUGBU,,,0,Distributor,85,272074,B10,INV000000000058,2024-12-27,JGH_1100,subuser2@stockone.com,2024-12-27,"""{\""city\"":\""MALEGAON CAMP\"",\""name\"":\""NEW LAXMIVISHNU DISTRIBUTORS\"",\""state\"":14,\""country\"":\""India\"",\""pincode\"":423205,\""email_id\"":\""yeolegirish4@gmail.com\"",\""last_name\"":null,\""pan_number\"":null,\""tin_number\"":\""29AAKCM8916G1ZZ\"",\""customer_id\"":6017,\""phone_number\"":9028114949}""",6017,2025-02-26 10:49:06,2026-07-02 11:39:41,0,,50751,tirupur,,2026-07-02 11:39:41,1,0
3603961,0,ACM205BBLMR#85,80.00,ACM205BBLMR#85,1,[],,OZEXHRN,,,0,Distributor,85,272074,B10,INV000000000058,2024-12-27,JGH_1100,subuser2@stockone.com,2024-12-27,"""{\""city\"":\""MALEGAON CAMP\"",\""name\"":\""NEW LAXMIVISHNU DISTRIBUTORS\"",\""state\"":14,\""country\"":\""India\"",\""pincode\"":423205,\""email_id\"":\""yeolegirish4@gmail.com\"",\""last_name\"":null,\""pan_number\"":null,\""tin_number\"":\""29AAKCM8916G1ZZ\"",\""customer_id\"":6017,\""phone_number\"":9028114949}""",6017,2025-02-26 10:49:11,2026-07-02 11:39:42,0,,50751,tirupur,,2026-07-02 11:39:42,1,0
3603962,0,ACM205BBLMR#85,80.00,ACM205BBLMR#85,1,[],,WWRIJJY,,,0,Distributor,85,272074,B10,INV000000000058,2024-12-27,JGH_1100,subuser2@stockone.com,2024-12-27,"""{\""city\"":\""MALEGAON CAMP\"",\""name\"":\""NEW LAXMIVISHNU DISTRIBUTORS\"",\""state\"":14,\""country\"":\""India\"",\""pincode\"":423205,\""email_id\"":\""yeolegirish4@gmail.com\"",\""last_name\"":null,\""pan_number\"":null,\""tin_number\"":\""29AAKCM8916G1ZZ\"",\""customer_id\"":6017,\""phone_number\"":9028114949}""",6017,2025-02-26 10:49:16,2026-07-02 11:39:42,0,,50751,tirupur,,2026-07-02 11:39:42,1,0
3603963,0,ACM205BBLMR#85,80.00,ACM205BBLMR#85,1,[],,QLGGTOI,,,0,Distributor,85,272074,B10,INV000000000058,2024-12-27,JGH_1100,subuser2@stockone.com,2024-12-27,"""{\""city\"":\""MALEGAON CAMP\"",\""name\"":\""NEW LAXMIVISHNU DISTRIBUTORS\"",\""state\"":14,\""country\"":\""India\"",\""pincode\"":423205,\""email_id\"":\""yeolegirish4@gmail.com\"",\""last_name\"":null,\""pan_number\"":null,\""tin_number\"":\""29AAKCM8916G1ZZ\"",\""customer_id\"":6017,\""phone_number\"":9028114949}""",6017,2025-02-26 10:49:23,2026-07-02 11:39:42,0,,50751,tirupur,,2026-07-02 11:39:42,1,0
3603964,0,ACM205BBLMR#85,80.00,ACM205BBLMR#85,1,[],,KGDWSEB,,,0,Distributor,85,272074,B10,INV000000000058,2024-12-27,JGH_1100,subuser2@stockone.com,2024-12-27,"""{\""city\"":\""MALEGAON CAMP\"",\""name\"":\""NEW LAXMIVISHNU DISTRIBUTORS\"",\""state\"":14,\""country\"":\""India\"",\""pincode\"":423205,\""email_id\"":\""yeolegirish4@gmail.com\"",\""last_name\"":null,\""pan_number\"":null,\""tin_number\"":\""29AAKCM8916G1ZZ\"",\""customer_id\"":6017,\""phone_number\"":9028114949}""",6017,2025-02-26 10:49:28,2026-07-02 11:39:42,0,,50751,tirupur,,2026-07-02 11:39:42,1,0
3603965,0,ACM205BBLMR#85,80.00,ACM205BBLMR#85,1,[],,YHTIYHN,,,0,Distributor,85,272074,B10,INV000000000058,2024-12-27,JGH_1100,subuser2@stockone.com,2024-12-27,"""{\""city\"":\""MALEGAON CAMP\"",\""name\"":\""NEW LAXMIVISHNU DISTRIBUTORS\"",\""state\"":14,\""country\"":\""India\"",\""pincode\"":423205,\""email_id\"":\""yeolegirish4@gmail.com\"",\""last_name\"":null,\""pan_number\"":null,\""tin_number\"":\""29AAKCM8916G1ZZ\"",\""customer_id\"":6017,\""phone_number\"":9028114949}""",6017,2025-02-26 10:49:34,2026-07-02 11:39:41,0,,50751,tirupur,,2026-07-02 11:39:41,1,0
3603967,0,ACM205BBLMR#85,80.00,ACM205BBLMR#85,1,[],,OPAFAFV,,,0,Distributor,85,272074,B10,INV000000000058,2024-12-27,JGH_1100,subuser2@stockone.com,2024-12-27,"""{\""city\"":\""MALEGAON CAMP\"",\""name\"":\""NEW LAXMIVISHNU DISTRIBUTORS\"",\""state\"":14,\""country\"":\""India\"",\""pincode\"":423205,\""email_id\"":\""yeolegirish4@gmail.com\"",\""last_name\"":null,\""pan_number\"":null,\""tin_number\"":\""29AAKCM8916G1ZZ\"",\""customer_id\"":6017,\""phone_number\"":9028114949}""",6017,2025-02-26 10:49:38,2026-07-02 11:39:41,0,,50751,tirupur,,2026-07-02 11:39:41,1,0
3603968,0,ACM205BBLMR#85,80.00,ACM205BBLMR#85,1,[],,LDOQKFG,,,0,Distributor,85,272074,B10,INV000000000058,2024-12-27,JGH_1100,subuser2@stockone.com,2024-12-27,"""{\""city\"":\""MALEGAON CAMP\"",\""name\"":\""NEW LAXMIVISHNU DISTRIBUTORS\"",\""state\"":14,\""country\"":\""India\"",\""pincode\"":423205,\""email_id\"":\""yeolegirish4@gmail.com\"",\""last_name\"":null,\""pan_number\"":null,\""tin_number\"":\""29AAKCM8916G1ZZ\"",\""customer_id\"":6017,\""phone_number\"":9028114949}""",6017,2025-02-26 10:49:43,2026-07-02 11:39:41,0,,50751,tirupur,,2026-07-02 11:39:41,1,0
3603969,0,ACM205BBLMR#85,80.00,ACM205BBLMR#85,1,[],,WTGVRRL,,,0,Distributor,85,272074,B10,INV000000000058,2024-12-27,JGH_1100,subuser2@stockone.com,2024-12-27,"""{\""city\"":\""MALEGAON CAMP\"",\""name\"":\""NEW LAXMIVISHNU DISTRIBUTORS\"",\""state\"":14,\""country\"":\""India\"",\""pincode\"":423205,\""email_id\"":\""yeolegirish4@gmail.com\"",\""last_name\"":null,\""pan_number\"":null,\""tin_number\"":\""29AAKCM8916G1ZZ\"",\""customer_id\"":6017,\""phone_number\"":9028114949}""",6017,2025-02-26 10:49:49,2026-07-02 11:39:41,0,,50751,tirupur,,2026-07-02 11:39:41,1,0
3603970,0,ACM205BBLMR#85,80.00,ACM205BBLMR#85,1,[],,ANIZEFV,,,0,Distributor,85,272074,B10,INV000000000058,2024-12-27,JGH_1100,subuser2@stockone.com,2024-12-27,"""{\""city\"":\""MALEGAON CAMP\"",\""name\"":\""NEW LAXMIVISHNU DISTRIBUTORS\"",\""state\"":14,\""country\"":\""India\"",\""pincode\"":423205,\""email_id\"":\""yeolegirish4@gmail.com\"",\""last_name\"":null,\""pan_number\"":null,\""tin_number\"":\""29AAKCM8916G1ZZ\"",\""customer_id\"":6017,\""phone_number\"":9028114949}""",6017,2025-02-26 10:49:54,2026-07-02 11:39:41,0,,50751,tirupur,,2026-07-02 11:39:41,1,0
3603971,0,ACM205BBLMR#85,80.00,ACM205BBLMR#85,1,[],,JFMVRRS,,,0,Distributor,85,272074,B10,INV000000000058,2024-12-27,JGH_1100,subuser2@stockone.com,2024-12-27,"""{\""city\"":\""MALEGAON CAMP\"",\""name\"":\""NEW LAXMIVISHNU DISTRIBUTORS\"",\""state\"":14,\""country\"":\""India\"",\""pincode\"":423205,\""email_id\"":\""yeolegirish4@gmail.com\"",\""last_name\"":null,\""pan_number\"":null,\""tin_number\"":\""29AAKCM8916G1ZZ\"",\""customer_id\"":6017,\""phone_number\"":9028114949}""",6017,2025-02-26 10:49:59,2026-07-02 11:39:41,0,,50751,tirupur,,2026-07-02 11:39:41,1,0
3603972,0,ACM205BBLMR#85,80.00,ACM205BBLMR#85,1,[],,YGLGXVX,,,0,Distributor,85,272074,B10,INV000000000058,2024-12-27,JGH_1100,subuser2@stockone.com,2024-12-27,"""{\""city\"":\""MALEGAON CAMP\"",\""name\"":\""NEW LAXMIVISHNU DISTRIBUTORS\"",\""state\"":14,\""country\"":\""India\"",\""pincode\"":423205,\""email_id\"":\""yeolegirish4@gmail.com\"",\""last_name\"":null,\""pan_number\"":null,\""tin_number\"":\""29AAKCM8916G1ZZ\"",\""customer_id\"":6017,\""phone_number\"":9028114949}""",6017,2025-02-26 10:50:06,2026-07-02 11:39:40,0,,50751,tirupur,,2026-07-02 11:39:40,1,0
3603973,0,ACM205BBLMR#85,80.00,ACM205BBLMR#85,1,[],,JULWUHV,,,0,Distributor,85,272074,B10,INV000000000058,2024-12-27,JGH_1100,subuser2@stockone.com,2024-12-27,"""{\""city\"":\""MALEGAON CAMP\"",\""name\"":\""NEW LAXMIVISHNU DISTRIBUTORS\"",\""state\"":14,\""country\"":\""India\"",\""pincode\"":423205,\""email_id\"":\""yeolegirish4@gmail.com\"",\""last_name\"":null,\""pan_number\"":null,\""tin_number\"":\""29AAKCM8916G1ZZ\"",\""customer_id\"":6017,\""phone_number\"":9028114949}""",6017,2025-02-26 10:50:13,2026-07-02 11:39:40,0,,50751,tirupur,,2026-07-02 11:39:40,1,0
3603974,0,ACM205BBLMR#85,80.00,ACM205BBLMR#85,1,[],,JVYYAYA,,,0,Distributor,85,272074,B10,INV000000000058,2024-12-27,JGH_1100,subuser2@stockone.com,2024-12-27,"""{\""city\"":\""MALEGAON CAMP\"",\""name\"":\""NEW LAXMIVISHNU DISTRIBUTORS\"",\""state\"":14,\""country\"":\""India\"",\""pincode\"":423205,\""email_id\"":\""yeolegirish4@gmail.com\"",\""last_name\"":null,\""pan_number\"":null,\""tin_number\"":\""29AAKCM8916G1ZZ\"",\""customer_id\"":6017,\""phone_number\"":9028114949}""",6017,2025-02-26 10:50:19,2026-07-02 11:39:40,0,,50751,tirupur,,2026-07-02 11:39:40,1,0
3603976,0,ACM205BBLMR#85,80.00,ACM205BBLMR#85,1,[],,FBUBROO,,,0,Distributor,85,272074,B10,INV000000000058,2024-12-27,JGH_1100,subuser2@stockone.com,2024-12-27,"""{\""city\"":\""MALEGAON CAMP\"",\""name\"":\""NEW LAXMIVISHNU DISTRIBUTORS\"",\""state\"":14,\""country\"":\""India\"",\""pincode\"":423205,\""email_id\"":\""yeolegirish4@gmail.com\"",\""last_name\"":null,\""pan_number\"":null,\""tin_number\"":\""29AAKCM8916G1ZZ\"",\""customer_id\"":6017,\""phone_number\"":9028114949}""",6017,2025-02-26 10:50:25,2026-07-02 11:39:40,0,,50751,tirupur,,2026-07-02 11:39:40,1,0
3603978,0,ACM205BBLMR#85,80.00,ACM205BBLMR#85,1,[],,JOXXXKI,,,0,Distributor,85,272074,B10,INV000000000058,2024-12-27,JGH_1100,subuser2@stockone.com,2024-12-27,"""{\""city\"":\""MALEGAON CAMP\"",\""name\"":\""NEW LAXMIVISHNU DISTRIBUTORS\"",\""state\"":14,\""country\"":\""India\"",\""pincode\"":423205,\""email_id\"":\""yeolegirish4@gmail.com\"",\""last_name\"":null,\""pan_number\"":null,\""tin_number\"":\""29AAKCM8916G1ZZ\"",\""customer_id\"":6017,\""phone_number\"":9028114949}""",6017,2025-02-26 10:50:32,2026-07-02 11:39:39,0,,50751,tirupur,,2026-07-02 11:39:39,1,0
3603980,0,ACM205BBLMR#85,80.00,ACM205BBLMR#85,1,[],,TDSYKXD,,,0,Distributor,85,272074,B10,INV000000000058,2024-12-27,JGH_1100,subuser2@stockone.com,2024-12-27,"""{\""city\"":\""MALEGAON CAMP\"",\""name\"":\""NEW LAXMIVISHNU DISTRIBUTORS\"",\""state\"":14,\""country\"":\""India\"",\""pincode\"":423205,\""email_id\"":\""yeolegirish4@gmail.com\"",\""last_name\"":null,\""pan_number\"":null,\""tin_number\"":\""29AAKCM8916G1ZZ\"",\""customer_id\"":6017,\""phone_number\"":9028114949}""",6017,2025-02-26 10:51:02,2026-07-02 11:39:39,0,,50751,tirupur,,2026-07-02 11:39:39,1,0
3608958,0,ASP032BAST#L,0.00,SPORTO 222 ASST.,1,[],,PKDSEQD,,,0,Distributors,6141083184,286194,B5,INV-00000100157,2025-02-26,JGH_1100,santhosh,2025-02-20,"""{\""city\"":\""HOSKOTE\"",\""name\"":\""BYRAVESHWARA ENTERPRISES\"",\""state\"":null,\""country\"":null,\""pincode\"":\""0\"",\""email_id\"":null,\""last_name\"":null,\""pan_number\"":null,\""tin_number\"":null,\""customer_id\"":146,\""phone_number\"":null}""",5879,2025-02-26 18:21:48,2026-07-02 16:43:27,1,,51547,tirupur,,2026-07-02 16:43:27,1,0
3611977,0,AMC021BRN2PCZP#100,70.58,MACHO PARKA VEST WHT. RN TWIN (2/10) ZP,1,[],,RKVSBWV,,,0,Distributors,6141083466,280516,B10,INV-00000100526,2025-02-27,JGH_1100,balajig,2025-02-22,"""{\""city\"":\""HISSAR\"",\""name\"":\""JAI SHREE BALA JEE TRADER\"",\""state\"":null,\""country\"":null,\""pincode\"":\""0\"",\""email_id\"":null,\""last_name\"":null,\""pan_number\"":null,\""tin_number\"":null,\""customer_id\"":372,\""phone_number\"":null}""",6092,2025-02-27 11:05:41,2026-07-01 18:04:02,1,,62412,tirupur,,2026-07-01 18:04:02,1,0
3619582,0,ACM205BBLMR#85,80.00,ACM205BBLMR#85,1,[],,VGSMXAT,,,0,Distributor,85,272074,B10,INV000000000058,2024-12-27,JGH_1100,subuser2@stockone.com,2024-12-27,"""{\""city\"":\""MALEGAON CAMP\"",\""name\"":\""NEW LAXMIVISHNU DISTRIBUTORS\"",\""state\"":14,\""country\"":\""India\"",\""pincode\"":423205,\""email_id\"":\""yeolegirish4@gmail.com\"",\""last_name\"":null,\""pan_number\"":null,\""tin_number\"":\""29AAKCM8916G1ZZ\"",\""customer_id\"":6017,\""phone_number\"":9028114949}""",6017,2025-02-27 16:26:14,2026-07-02 11:39:42,0,,50751,tirupur,,2026-07-02 11:39:42,1,0
3619583,0,ACM205BBLMR#85,80.00,ACM205BBLMR#85,1,[],,HUQRNBI,,,0,Distributor,85,272074,B10,INV000000000058,2024-12-27,JGH_1100,subuser2@stockone.com,2024-12-27,"""{\""city\"":\""MALEGAON CAMP\"",\""name\"":\""NEW LAXMIVISHNU DISTRIBUTORS\"",\""state\"":14,\""country\"":\""India\"",\""pincode\"":423205,\""email_id\"":\""yeolegirish4@gmail.com\"",\""last_name\"":null,\""pan_number\"":null,\""tin_number\"":\""29AAKCM8916G1ZZ\"",\""customer_id\"":6017,\""phone_number\"":9028114949}""",6017,2025-02-27 16:26:22,2026-07-02 11:39:42,0,,50751,tirupur,,2026-07-02 11:39:42,1,0
3619584,0,ACM205BBLMR#85,80.00,ACM205BBLMR#85,1,[],,RTAFDKH,,,0,Distributor,85,272074,B10,INV000000000058,2024-12-27,JGH_1100,subuser2@stockone.com,2024-12-27,"""{\""city\"":\""MALEGAON CAMP\"",\""name\"":\""NEW LAXMIVISHNU DISTRIBUTORS\"",\""state\"":14,\""country\"":\""India\"",\""pincode\"":423205,\""email_id\"":\""yeolegirish4@gmail.com\"",\""last_name\"":null,\""pan_number\"":null,\""tin_number\"":\""29AAKCM8916G1ZZ\"",\""customer_id\"":6017,\""phone_number\"":9028114949}""",6017,2025-02-27 16:26:27,2026-07-02 11:39:43,0,,50751,tirupur,,2026-07-02 11:39:43,1,0
3619585,0,ACM205BBLMR#85,80.00,ACM205BBLMR#85,1,[],,AWRZXHG,,,0,Distributor,85,272074,B10,INV000000000058,2024-12-27,JGH_1100,subuser2@stockone.com,2024-12-27,"""{\""city\"":\""MALEGAON CAMP\"",\""name\"":\""NEW LAXMIVISHNU DISTRIBUTORS\"",\""state\"":14,\""country\"":\""India\"",\""pincode\"":423205,\""email_id\"":\""yeolegirish4@gmail.com\"",\""last_name\"":null,\""pan_number\"":null,\""tin_number\"":\""29AAKCM8916G1ZZ\"",\""customer_id\"":6017,\""phone_number\"":9028114949}""",6017,2025-02-27 16:26:33,2026-07-02 11:39:42,0,,50751,tirupur,,2026-07-02 11:39:42,1,0
3619586,0,ACM205BBLMR#85,80.00,ACM205BBLMR#85,1,[],,GBBSMUQ,,,0,Distributor,85,272074,B10,INV000000000058,2024-12-27,JGH_1100,subuser2@stockone.com,2024-12-27,"""{\""city\"":\""MALEGAON CAMP\"",\""name\"":\""NEW LAXMIVISHNU DISTRIBUTORS\"",\""state\"":14,\""country\"":\""India\"",\""pincode\"":423205,\""email_id\"":\""yeolegirish4@gmail.com\"",\""last_name\"":null,\""pan_number\"":null,\""tin_number\"":\""29AAKCM8916G1ZZ\"",\""customer_id\"":6017,\""phone_number\"":9028114949}""",6017,2025-02-27 16:26:43,2026-07-02 11:39:43,0,,50751,tirupur,,2026-07-02 11:39:43,1,0
3619587,0,ACM205BBLMR#85,80.00,ACM205BBLMR#85,1,[],,MVETJTZ,,,0,Distributor,85,272074,B10,INV000000000058,2024-12-27,JGH_1100,subuser2@stockone.com,2024-12-27,"""{\""city\"":\""MALEGAON CAMP\"",\""name\"":\""NEW LAXMIVISHNU DISTRIBUTORS\"",\""state\"":14,\""country\"":\""India\"",\""pincode\"":423205,\""email_id\"":\""yeolegirish4@gmail.com\"",\""last_name\"":null,\""pan_number\"":null,\""tin_number\"":\""29AAKCM8916G1ZZ\"",\""customer_id\"":6017,\""phone_number\"":9028114949}""",6017,2025-02-27 16:26:53,2026-07-02 11:39:43,0,,50751,tirupur,,2026-07-02 11:39:43,1,0
3619588,0,ACM205BBLMR#85,80.00,ACM205BBLMR#85,1,[],,VFPGZUB,,,0,Distributor,85,272074,B10,INV000000000058,2024-12-27,JGH_1100,subuser2@stockone.com,2024-12-27,"""{\""city\"":\""MALEGAON CAMP\"",\""name\"":\""NEW LAXMIVISHNU DISTRIBUTORS\"",\""state\"":14,\""country\"":\""India\"",\""pincode\"":423205,\""email_id\"":\""yeolegirish4@gmail.com\"",\""last_name\"":null,\""pan_number\"":null,\""tin_number\"":\""29AAKCM8916G1ZZ\"",\""customer_id\"":6017,\""phone_number\"":9028114949}""",6017,2025-02-27 16:27:03,2026-07-02 11:39:43,0,,50751,tirupur,,2026-07-02 11:39:43,1,0
3619590,0,ACM205BBLMR#85,80.00,ACM205BBLMR#85,1,[],,YHPBAMQ,,,0,Distributor,85,272074,B10,INV000000000058,2024-12-27,JGH_1100,subuser2@stockone.com,2024-12-27,"""{\""city\"":\""MALEGAON CAMP\"",\""name\"":\""NEW LAXMIVISHNU DISTRIBUTORS\"",\""state\"":14,\""country\"":\""India\"",\""pincode\"":423205,\""email_id\"":\""yeolegirish4@gmail.com\"",\""last_name\"":null,\""pan_number\"":null,\""tin_number\"":\""29AAKCM8916G1ZZ\"",\""customer_id\"":6017,\""phone_number\"":9028114949}""",6017,2025-02-27 16:27:12,2026-07-02 11:39:43,0,,50751,tirupur,,2026-07-02 11:39:43,1,0
3619591,0,ACM205BBLMR#85,80.00,ACM205BBLMR#85,1,[],,DJVWRCR,,,0,Distributor,85,272074,B10,INV000000000058,2024-12-27,JGH_1100,subuser2@stockone.com,2024-12-27,"""{\""city\"":\""MALEGAON CAMP\"",\""name\"":\""NEW LAXMIVISHNU DISTRIBUTORS\"",\""state\"":14,\""country\"":\""India\"",\""pincode\"":423205,\""email_id\"":\""yeolegirish4@gmail.com\"",\""last_name\"":null,\""pan_number\"":null,\""tin_number\"":\""29AAKCM8916G1ZZ\"",\""customer_id\"":6017,\""phone_number\"":9028114949}""",6017,2025-02-27 16:27:27,2026-07-02 11:39:43,0,,50751,tirupur,,2026-07-02 11:39:43,1,0
3619592,0,ACM205BBLMR#85,80.00,ACM205BBLMR#85,1,[],,EXCZPIH,,,0,Distributor,85,272074,B10,INV000000000058,2024-12-27,JGH_1100,subuser2@stockone.com,2024-12-27,"""{\""city\"":\""MALEGAON CAMP\"",\""name\"":\""NEW LAXMIVISHNU DISTRIBUTORS\"",\""state\"":14,\""country\"":\""India\"",\""pincode\"":423205,\""email_id\"":\""yeolegirish4@gmail.com\"",\""last_name\"":null,\""pan_number\"":null,\""tin_number\"":\""29AAKCM8916G1ZZ\"",\""customer_id\"":6017,\""phone_number\"":9028114949}""",6017,2025-02-27 16:27:46,2026-07-02 11:39:43,0,,50751,tirupur,,2026-07-02 11:39:43,1,0
3619593,0,ACM205BBLMR#85,80.00,ACM205BBLMR#85,1,[],,HWGKQNE,,,0,Distributor,85,272074,B10,INV000000000058,2024-12-27,JGH_1100,subuser2@stockone.com,2024-12-27,"""{\""city\"":\""MALEGAON CAMP\"",\""name\"":\""NEW LAXMIVISHNU DISTRIBUTORS\"",\""state\"":14,\""country\"":\""India\"",\""pincode\"":423205,\""email_id\"":\""yeolegirish4@gmail.com\"",\""last_name\"":null,\""pan_number\"":null,\""tin_number\"":\""29AAKCM8916G1ZZ\"",\""customer_id\"":6017,\""phone_number\"":9028114949}""",6017,2025-02-27 16:28:09,2026-07-02 11:39:42,0,,50751,tirupur,,2026-07-02 11:39:42,1,0
3619594,0,ACM205BBLMR#85,80.00,ACM205BBLMR#85,1,[],,WCLQKZJ,,,0,Distributor,85,272074,B10,INV000000000058,2024-12-27,JGH_1100,subuser2@stockone.com,2024-12-27,"""{\""city\"":\""MALEGAON CAMP\"",\""name\"":\""NEW LAXMIVISHNU DISTRIBUTORS\"",\""state\"":14,\""country\"":\""India\"",\""pincode\"":423205,\""email_id\"":\""yeolegirish4@gmail.com\"",\""last_name\"":null,\""pan_number\"":null,\""tin_number\"":\""29AAKCM8916G1ZZ\"",\""customer_id\"":6017,\""phone_number\"":9028114949}""",6017,2025-02-27 16:28:29,2026-07-02 11:39:42,0,,50751,tirupur,,2026-07-02 11:39:42,1,0
3619595,0,ACM205BBLMR#85,80.00,ACM205BBLMR#85,1,[],,BOUHEHM,,,0,Distributor,85,272074,B10,INV000000000058,2024-12-27,JGH_1100,subuser2@stockone.com,2024-12-27,"""{\""city\"":\""MALEGAON CAMP\"",\""name\"":\""NEW LAXMIVISHNU DISTRIBUTORS\"",\""state\"":14,\""country\"":\""India\"",\""pincode\"":423205,\""email_id\"":\""yeolegirish4@gmail.com\"",\""last_name\"":null,\""pan_number\"":null,\""tin_number\"":\""29AAKCM8916G1ZZ\"",\""customer_id\"":6017,\""phone_number\"":9028114949}""",6017,2025-02-27 16:28:48,2026-07-02 11:39:42,0,,50751,tirupur,,2026-07-02 11:39:42,1,0
3619597,0,ACM205BBLMR#85,80.00,ACM205BBLMR#85,1,[],,DDWYLIK,,,0,Distributor,85,272074,B10,INV000000000058,2024-12-27,JGH_1100,subuser2@stockone.com,2024-12-27,"""{\""city\"":\""MALEGAON CAMP\"",\""name\"":\""NEW LAXMIVISHNU DISTRIBUTORS\"",\""state\"":14,\""country\"":\""India\"",\""pincode\"":423205,\""email_id\"":\""yeolegirish4@gmail.com\"",\""last_name\"":null,\""pan_number\"":null,\""tin_number\"":\""29AAKCM8916G1ZZ\"",\""customer_id\"":6017,\""phone_number\"":9028114949}""",6017,2025-02-27 16:29:06,2026-07-02 11:39:42,0,,50751,tirupur,,2026-07-02 11:39:42,1,0
3622602,0,ACM205BBLMR#85,80.00,ACM205BBLMR#85,1,[],,XXEQDRW,,,0,Distributor,85,272074,B10,INV000000000058,2024-12-27,JGH_1100,subuser2@stockone.com,2024-12-27,"""{\""city\"":\""MALEGAON CAMP\"",\""name\"":\""NEW LAXMIVISHNU DISTRIBUTORS\"",\""state\"":14,\""country\"":\""India\"",\""pincode\"":423205,\""email_id\"":\""yeolegirish4@gmail.com\"",\""last_name\"":null,\""pan_number\"":null,\""tin_number\"":\""29AAKCM8916G1ZZ\"",\""customer_id\"":6017,\""phone_number\"":9028114949}""",6017,2025-02-27 16:30:39,2026-07-02 11:39:43,0,,50751,tirupur,,2026-07-02 11:39:43,1,0
3622605,0,ACM205BBLMR#85,80.00,ACM205BBLMR#85,1,[],,AKBNVXD,,,0,Distributor,85,272074,B10,INV000000000058,2024-12-27,JGH_1100,subuser2@stockone.com,2024-12-27,"""{\""city\"":\""MALEGAON CAMP\"",\""name\"":\""NEW LAXMIVISHNU DISTRIBUTORS\"",\""state\"":14,\""country\"":\""India\"",\""pincode\"":423205,\""email_id\"":\""yeolegirish4@gmail.com\"",\""last_name\"":null,\""pan_number\"":null,\""tin_number\"":\""29AAKCM8916G1ZZ\"",\""customer_id\"":6017,\""phone_number\"":9028114949}""",6017,2025-02-27 16:30:58,2026-07-02 11:39:44,0,,50751,tirupur,,2026-07-02 11:39:44,1,0
3622607,0,ACM205BBLMR#85,80.00,ACM205BBLMR#85,1,[],,MGZTIBK,,,0,Distributor,85,272074,B10,INV000000000058,2024-12-27,JGH_1100,subuser2@stockone.com,2024-12-27,"""{\""city\"":\""MALEGAON CAMP\"",\""name\"":\""NEW LAXMIVISHNU DISTRIBUTORS\"",\""state\"":14,\""country\"":\""India\"",\""pincode\"":423205,\""email_id\"":\""yeolegirish4@gmail.com\"",\""last_name\"":null,\""pan_number\"":null,\""tin_number\"":\""29AAKCM8916G1ZZ\"",\""customer_id\"":6017,\""phone_number\"":9028114949}""",6017,2025-02-27 16:31:18,2026-07-02 11:39:44,0,,50751,tirupur,,2026-07-02 11:39:44,1,0
3622609,0,ACM205BBLMR#85,80.00,ACM205BBLMR#85,1,[],,RPDRKTR,,,0,Distributor,85,272074,B10,INV000000000058,2024-12-27,JGH_1100,subuser2@stockone.com,2024-12-27,"""{\""city\"":\""MALEGAON CAMP\"",\""name\"":\""NEW LAXMIVISHNU DISTRIBUTORS\"",\""state\"":14,\""country\"":\""India\"",\""pincode\"":423205,\""email_id\"":\""yeolegirish4@gmail.com\"",\""last_name\"":null,\""pan_number\"":null,\""tin_number\"":\""29AAKCM8916G1ZZ\"",\""customer_id\"":6017,\""phone_number\"":9028114949}""",6017,2025-02-27 16:31:36,2026-07-02 11:39:44,0,,50751,tirupur,,2026-07-02 11:39:44,1,0
3622611,0,ACM205BBLMR#85,80.00,ACM205BBLMR#85,1,[],,AXTXGWB,,,0,Distributor,85,272074,B10,INV000000000058,2024-12-27,JGH_1100,subuser2@stockone.com,2024-12-27,"""{\""city\"":\""MALEGAON CAMP\"",\""name\"":\""NEW LAXMIVISHNU DISTRIBUTORS\"",\""state\"":14,\""country\"":\""India\"",\""pincode\"":423205,\""email_id\"":\""yeolegirish4@gmail.com\"",\""last_name\"":null,\""pan_number\"":null,\""tin_number\"":\""29AAKCM8916G1ZZ\"",\""customer_id\"":6017,\""phone_number\"":9028114949}""",6017,2025-02-27 16:31:54,2026-07-02 11:39:43,0,,50751,tirupur,,2026-07-02 11:39:43,1,0
3622614,0,ACM205BBLMR#85,80.00,ACM205BBLMR#85,1,[],,YQKLZBM,,,0,Distributor,85,272074,B10,INV000000000058,2024-12-27,JGH_1100,subuser2@stockone.com,2024-12-27,"""{\""city\"":\""MALEGAON CAMP\"",\""name\"":\""NEW LAXMIVISHNU DISTRIBUTORS\"",\""state\"":14,\""country\"":\""India\"",\""pincode\"":423205,\""email_id\"":\""yeolegirish4@gmail.com\"",\""last_name\"":null,\""pan_number\"":null,\""tin_number\"":\""29AAKCM8916G1ZZ\"",\""customer_id\"":6017,\""phone_number\"":9028114949}""",6017,2025-02-27 16:32:09,2026-07-02 11:39:44,0,,50751,tirupur,,2026-07-02 11:39:44,1,0
3622617,0,ACM205BBLMR#85,80.00,ACM205BBLMR#85,1,[],,AJRUZYX,,,0,Distributor,85,272074,B10,INV000000000058,2024-12-27,JGH_1100,subuser2@stockone.com,2024-12-27,"""{\""city\"":\""MALEGAON CAMP\"",\""name\"":\""NEW LAXMIVISHNU DISTRIBUTORS\"",\""state\"":14,\""country\"":\""India\"",\""pincode\"":423205,\""email_id\"":\""yeolegirish4@gmail.com\"",\""last_name\"":null,\""pan_number\"":null,\""tin_number\"":\""29AAKCM8916G1ZZ\"",\""customer_id\"":6017,\""phone_number\"":9028114949}""",6017,2025-02-27 16:32:27,2026-07-02 11:39:44,0,,50751,tirupur,,2026-07-02 11:39:44,1,0
3625069,0,ACM205BBLMR#85,80.00,ACM205BBLMR#85,1,[],,LUDVWLP,,,0,Distributor,85,272074,B10,INV000000000058,2024-12-27,JGH_1100,subuser2@stockone.com,2024-12-27,"""{\""city\"":\""MALEGAON CAMP\"",\""name\"":\""NEW LAXMIVISHNU DISTRIBUTORS\"",\""state\"":14,\""country\"":\""India\"",\""pincode\"":423205,\""email_id\"":\""yeolegirish4@gmail.com\"",\""last_name\"":null,\""pan_number\"":null,\""tin_number\"":\""29AAKCM8916G1ZZ\"",\""customer_id\"":6017,\""phone_number\"":9028114949}""",6017,2025-02-27 16:45:40,2026-07-02 11:39:44,0,,50751,tirupur,,2026-07-02 11:39:44,1,0
3625071,0,ACM205BBLMR#85,80.00,ACM205BBLMR#85,1,[],,PMAKWGV,,,0,Distributor,85,272074,B10,INV000000000058,2024-12-27,JGH_1100,subuser2@stockone.com,2024-12-27,"""{\""city\"":\""MALEGAON CAMP\"",\""name\"":\""NEW LAXMIVISHNU DISTRIBUTORS\"",\""state\"":14,\""country\"":\""India\"",\""pincode\"":423205,\""email_id\"":\""yeolegirish4@gmail.com\"",\""last_name\"":null,\""pan_number\"":null,\""tin_number\"":\""29AAKCM8916G1ZZ\"",\""customer_id\"":6017,\""phone_number\"":9028114949}""",6017,2025-02-27 16:45:52,2026-07-02 11:39:44,0,,50751,tirupur,,2026-07-02 11:39:44,1,0
3625073,0,ACM205BBLMR#85,80.00,ACM205BBLMR#85,1,[],,OBEFEFY,,,0,Distributor,85,272074,B10,INV000000000058,2024-12-27,JGH_1100,subuser2@stockone.com,2024-12-27,"""{\""city\"":\""MALEGAON CAMP\"",\""name\"":\""NEW LAXMIVISHNU DISTRIBUTORS\"",\""state\"":14,\""country\"":\""India\"",\""pincode\"":423205,\""email_id\"":\""yeolegirish4@gmail.com\"",\""last_name\"":null,\""pan_number\"":null,\""tin_number\"":\""29AAKCM8916G1ZZ\"",\""customer_id\"":6017,\""phone_number\"":9028114949}""",6017,2025-02-27 16:46:04,2026-07-02 11:39:44,0,,50751,tirupur,,2026-07-02 11:39:44,1,0
3625076,0,ACM205BBLMR#85,80.00,ACM205BBLMR#85,1,[],,PJUQPFU,,,0,Distributor,85,272074,B10,INV000000000058,2024-12-27,JGH_1100,subuser2@stockone.com,2024-12-27,"""{\""city\"":\""MALEGAON CAMP\"",\""name\"":\""NEW LAXMIVISHNU DISTRIBUTORS\"",\""state\"":14,\""country\"":\""India\"",\""pincode\"":423205,\""email_id\"":\""yeolegirish4@gmail.com\"",\""last_name\"":null,\""pan_number\"":null,\""tin_number\"":\""29AAKCM8916G1ZZ\"",\""customer_id\"":6017,\""phone_number\"":9028114949}""",6017,2025-02-27 16:46:15,2026-07-02 11:39:44,0,,50751,tirupur,,2026-07-02 11:39:44,1,0
3625081,0,ACM205BBLMR#85,80.00,ACM205BBLMR#85,1,[],,YWIOPQL,,,0,Distributor,85,272074,B10,INV000000000058,2024-12-27,JGH_1100,subuser2@stockone.com,2024-12-27,"""{\""city\"":\""MALEGAON CAMP\"",\""name\"":\""NEW LAXMIVISHNU DISTRIBUTORS\"",\""state\"":14,\""country\"":\""India\"",\""pincode\"":423205,\""email_id\"":\""yeolegirish4@gmail.com\"",\""last_name\"":null,\""pan_number\"":null,\""tin_number\"":\""29AAKCM8916G1ZZ\"",\""customer_id\"":6017,\""phone_number\"":9028114949}""",6017,2025-02-27 16:46:23,2026-07-02 11:39:44,0,,50751,tirupur,,2026-07-02 11:39:44,1,0
3625083,0,ACM205BBLMR#85,80.00,ACM205BBLMR#85,1,[],,EISSVRB,,,0,Distributor,85,272074,B10,INV000000000058,2024-12-27,JGH_1100,subuser2@stockone.com,2024-12-27,"""{\""city\"":\""MALEGAON CAMP\"",\""name\"":\""NEW LAXMIVISHNU DISTRIBUTORS\"",\""state\"":14,\""country\"":\""India\"",\""pincode\"":423205,\""email_id\"":\""yeolegirish4@gmail.com\"",\""last_name\"":null,\""pan_number\"":null,\""tin_number\"":\""29AAKCM8916G1ZZ\"",\""customer_id\"":6017,\""phone_number\"":9028114949}""",6017,2025-02-27 16:46:30,2026-07-02 11:39:43,0,,50751,tirupur,,2026-07-02 11:39:43,1,0
3625086,0,ACM205BBLMR#85,80.00,ACM205BBLMR#85,1,[],,CMXUDQL,,,0,Distributor,85,272074,B10,INV000000000058,2024-12-27,JGH_1100,subuser2@stockone.com,2024-12-27,"""{\""city\"":\""MALEGAON CAMP\"",\""name\"":\""NEW LAXMIVISHNU DISTRIBUTORS\"",\""state\"":14,\""country\"":\""India\"",\""pincode\"":423205,\""email_id\"":\""yeolegirish4@gmail.com\"",\""last_name\"":null,\""pan_number\"":null,\""tin_number\"":\""29AAKCM8916G1ZZ\"",\""customer_id\"":6017,\""phone_number\"":9028114949}""",6017,2025-02-27 16:46:37,2026-07-02 11:39:43,0,,50751,tirupur,,2026-07-02 11:39:43,1,0
3630469,0,ACM110BRN#85,80.00,ACM110BRN#85,1,[],,FQQLLLK,,,0,Distributor,85,271750,B10,INV000000000058,2024-12-27,JGH_1100,subuser2@stockone.com,2024-12-27,"""{\""city\"":\""INDORE\"",\""name\"":\""J.K.HOSIERY\"",\""state\"":13,\""country\"":\""India\"",\""pincode\"":452007,\""email_id\"":\""jkhosiery@gmail.com\"",\""last_name\"":null,\""pan_number\"":null,\""tin_number\"":\""29AAKCM8916G1ZZ\"",\""customer_id\"":5963,\""phone_number\"":9754992455}""",6268,2025-02-27 20:18:55,2026-07-03 20:24:39,0,,66614,tirupur,,2026-07-03 20:24:39,1,0
3631789,0,ACM006BRNS2P#85,80.00,ACM006BRNS2P#85,1,[],,ZMNKEQV,,,0,Distributor,85,270517,B10,INV000000000058,2024-12-27,JGH_1100,subuser2@stockone.com,2024-12-27,"""{\""city\"":\""MALEGAON CAMP\"",\""name\"":\""NEW LAXMIVISHNU DISTRIBUTORS\"",\""state\"":14,\""country\"":\""India\"",\""pincode\"":423205,\""email_id\"":\""yeolegirish4@gmail.com\"",\""last_name\"":null,\""pan_number\"":null,\""tin_number\"":\""29AAKCM8916G1ZZ\"",\""customer_id\"":6017,\""phone_number\"":9028114949}""",6017,2025-02-28 12:09:20,2026-07-02 11:36:48,0,,50751,tirupur,,2026-07-02 11:36:48,1,0
3631791,0,ACM006BRNS2P#85,80.00,ACM006BRNS2P#85,1,[],,QKPVTTO,,,0,Distributor,85,270517,B10,INV000000000058,2024-12-27,JGH_1100,subuser2@stockone.com,2024-12-27,"""{\""city\"":\""MALEGAON CAMP\"",\""name\"":\""NEW LAXMIVISHNU DISTRIBUTORS\"",\""state\"":14,\""country\"":\""India\"",\""pincode\"":423205,\""email_id\"":\""yeolegirish4@gmail.com\"",\""last_name\"":null,\""pan_number\"":null,\""tin_number\"":\""29AAKCM8916G1ZZ\"",\""customer_id\"":6017,\""phone_number\"":9028114949}""",6017,2025-02-28 12:09:25,2026-07-02 11:36:48,0,,50751,tirupur,,2026-07-02 11:36:48,1,0
3631793,0,ACM006BRNS2P#85,80.00,ACM006BRNS2P#85,1,[],,ECSPEGI,,,0,Distributor,85,270517,B10,INV000000000058,2024-12-27,JGH_1100,subuser2@stockone.com,2024-12-27,"""{\""city\"":\""MALEGAON CAMP\"",\""name\"":\""NEW LAXMIVISHNU DISTRIBUTORS\"",\""state\"":14,\""country\"":\""India\"",\""pincode\"":423205,\""email_id\"":\""yeolegirish4@gmail.com\"",\""last_name\"":null,\""pan_number\"":null,\""tin_number\"":\""29AAKCM8916G1ZZ\"",\""customer_id\"":6017,\""phone_number\"":9028114949}""",6017,2025-02-28 12:09:31,2026-07-02 11:36:48,0,,50751,tirupur,,2026-07-02 11:36:48,1,0
3631795,0,ACM006BRNS2P#85,80.00,ACM006BRNS2P#85,1,[],,RNUWDUJ,,,0,Distributor,85,270517,B10,INV000000000058,2024-12-27,JGH_1100,subuser2@stockone.com,2024-12-27,"""{\""city\"":\""MALEGAON CAMP\"",\""name\"":\""NEW LAXMIVISHNU DISTRIBUTORS\"",\""state\"":14,\""country\"":\""India\"",\""pincode\"":423205,\""email_id\"":\""yeolegirish4@gmail.com\"",\""last_name\"":null,\""pan_number\"":null,\""tin_number\"":\""29AAKCM8916G1ZZ\"",\""customer_id\"":6017,\""phone_number\"":9028114949}""",6017,2025-02-28 12:09:37,2026-07-02 11:36:48,0,,50751,tirupur,,2026-07-02 11:36:48,1,0
3631797,0,ACM006BRNS2P#85,80.00,ACM006BRNS2P#85,1,[],,VBNODMF,,,0,Distributor,85,270517,B10,INV000000000058,2024-12-27,JGH_1100,subuser2@stockone.com,2024-12-27,"""{\""city\"":\""MALEGAON CAMP\"",\""name\"":\""NEW LAXMIVISHNU DISTRIBUTORS\"",\""state\"":14,\""country\"":\""India\"",\""pincode\"":423205,\""email_id\"":\""yeolegirish4@gmail.com\"",\""last_name\"":null,\""pan_number\"":null,\""tin_number\"":\""29AAKCM8916G1ZZ\"",\""customer_id\"":6017,\""phone_number\"":9028114949}""",6017,2025-02-28 12:09:43,2026-07-02 11:36:48,0,,50751,tirupur,,2026-07-02 11:36:48,1,0
3631798,0,ACM006BRNS2P#85,80.00,ACM006BRNS2P#85,1,[],,HNKPEIF,,,0,Distributor,85,270517,B10,INV000000000058,2024-12-27,JGH_1100,subuser2@stockone.com,2024-12-27,"""{\""city\"":\""MALEGAON CAMP\"",\""name\"":\""NEW LAXMIVISHNU DISTRIBUTORS\"",\""state\"":14,\""country\"":\""India\"",\""pincode\"":423205,\""email_id\"":\""yeolegirish4@gmail.com\"",\""last_name\"":null,\""pan_number\"":null,\""tin_number\"":\""29AAKCM8916G1ZZ\"",\""customer_id\"":6017,\""phone_number\"":9028114949}""",6017,2025-02-28 12:09:49,2026-07-02 11:36:49,0,,50751,tirupur,,2026-07-02 11:36:49,1,0
3631800,0,ACM006BRNS2P#85,80.00,ACM006BRNS2P#85,1,[],,IGHFBKR,,,0,Distributor,85,270517,B10,INV000000000058,2024-12-27,JGH_1100,subuser2@stockone.com,2024-12-27,"""{\""city\"":\""MALEGAON CAMP\"",\""name\"":\""NEW LAXMIVISHNU DISTRIBUTORS\"",\""state\"":14,\""country\"":\""India\"",\""pincode\"":423205,\""email_id\"":\""yeolegirish4@gmail.com\"",\""last_name\"":null,\""pan_number\"":null,\""tin_number\"":\""29AAKCM8916G1ZZ\"",\""customer_id\"":6017,\""phone_number\"":9028114949}""",6017,2025-02-28 12:09:54,2026-07-02 11:36:48,0,,50751,tirupur,,2026-07-02 11:36:48,1,0
3631803,0,ACM006BRNS2P#85,80.00,ACM006BRNS2P#85,1,[],,TZSTSWI,,,0,Distributor,85,270517,B10,INV000000000058,2024-12-27,JGH_1100,subuser2@stockone.com,2024-12-27,"""{\""city\"":\""MALEGAON CAMP\"",\""name\"":\""NEW LAXMIVISHNU DISTRIBUTORS\"",\""state\"":14,\""country\"":\""India\"",\""pincode\"":423205,\""email_id\"":\""yeolegirish4@gmail.com\"",\""last_name\"":null,\""pan_number\"":null,\""tin_number\"":\""29AAKCM8916G1ZZ\"",\""customer_id\"":6017,\""phone_number\"":9028114949}""",6017,2025-02-28 12:10:01,2026-07-02 11:36:48,0,,50751,tirupur,,2026-07-02 11:36:48,1,0
3631804,0,ACM006BRNS2P#85,80.00,ACM006BRNS2P#85,1,[],,RPLQXYE,,,0,Distributor,85,270517,B10,INV000000000058,2024-12-27,JGH_1100,subuser2@stockone.com,2024-12-27,"""{\""city\"":\""MALEGAON CAMP\"",\""name\"":\""NEW LAXMIVISHNU DISTRIBUTORS\"",\""state\"":14,\""country\"":\""India\"",\""pincode\"":423205,\""email_id\"":\""yeolegirish4@gmail.com\"",\""last_name\"":null,\""pan_number\"":null,\""tin_number\"":\""29AAKCM8916G1ZZ\"",\""customer_id\"":6017,\""phone_number\"":9028114949}""",6017,2025-02-28 12:10:09,2026-07-02 11:36:48,0,,50751,tirupur,,2026-07-02 11:36:48,1,0
3631805,0,ACM006BRNS2P#85,80.00,ACM006BRNS2P#85,1,[],,ZNLCTXO,,,0,Distributor,85,270517,B10,INV000000000058,2024-12-27,JGH_1100,subuser2@stockone.com,2024-12-27,"""{\""city\"":\""MALEGAON CAMP\"",\""name\"":\""NEW LAXMIVISHNU DISTRIBUTORS\"",\""state\"":14,\""country\"":\""India\"",\""pincode\"":423205,\""email_id\"":\""yeolegirish4@gmail.com\"",\""last_name\"":null,\""pan_number\"":null,\""tin_number\"":\""29AAKCM8916G1ZZ\"",\""customer_id\"":6017,\""phone_number\"":9028114949}""",6017,2025-02-28 12:10:16,2026-07-02 11:36:48,0,,50751,tirupur,,2026-07-02 11:36:48,1,0
3631807,0,ACM006BRNS2P#85,80.00,ACM006BRNS2P#85,1,[],,SLARJEW,,,0,Distributor,85,270517,B10,INV000000000058,2024-12-27,JGH_1100,subuser2@stockone.com,2024-12-27,"""{\""city\"":\""MALEGAON CAMP\"",\""name\"":\""NEW LAXMIVISHNU DISTRIBUTORS\"",\""state\"":14,\""country\"":\""India\"",\""pincode\"":423205,\""email_id\"":\""yeolegirish4@gmail.com\"",\""last_name\"":null,\""pan_number\"":null,\""tin_number\"":\""29AAKCM8916G1ZZ\"",\""customer_id\"":6017,\""phone_number\"":9028114949}""",6017,2025-02-28 12:10:24,2026-07-02 11:36:48,0,,50751,tirupur,,2026-07-02 11:36:48,1,0
3631808,0,ACM006BRNS2P#85,80.00,ACM006BRNS2P#85,1,[],,QIYUQKY,,,0,Distributor,85,270517,B10,INV000000000058,2024-12-27,JGH_1100,subuser2@stockone.com,2024-12-27,"""{\""city\"":\""MALEGAON CAMP\"",\""name\"":\""NEW LAXMIVISHNU DISTRIBUTORS\"",\""state\"":14,\""country\"":\""India\"",\""pincode\"":423205,\""email_id\"":\""yeolegirish4@gmail.com\"",\""last_name\"":null,\""pan_number\"":null,\""tin_number\"":\""29AAKCM8916G1ZZ\"",\""customer_id\"":6017,\""phone_number\"":9028114949}""",6017,2025-02-28 12:10:32,2026-07-02 11:36:48,0,,50751,tirupur,,2026-07-02 11:36:48,1,0
3631811,0,ACM006BRNS2P#85,80.00,ACM006BRNS2P#85,1,[],,DOOBPWL,,,0,Distributor,85,270517,B10,INV000000000058,2024-12-27,JGH_1100,subuser2@stockone.com,2024-12-27,"""{\""city\"":\""MALEGAON CAMP\"",\""name\"":\""NEW LAXMIVISHNU DISTRIBUTORS\"",\""state\"":14,\""country\"":\""India\"",\""pincode\"":423205,\""email_id\"":\""yeolegirish4@gmail.com\"",\""last_name\"":null,\""pan_number\"":null,\""tin_number\"":\""29AAKCM8916G1ZZ\"",\""customer_id\"":6017,\""phone_number\"":9028114949}""",6017,2025-02-28 12:10:40,2026-07-02 11:36:48,0,,50751,tirupur,,2026-07-02 11:36:48,1,0
3631817,0,ACM006BRNS2P#85,80.00,ACM006BRNS2P#85,1,[],,KNPYBIB,,,0,Distributor,85,270517,B10,INV000000000058,2024-12-27,JGH_1100,subuser2@stockone.com,2024-12-27,"""{\""city\"":\""MALEGAON CAMP\"",\""name\"":\""NEW LAXMIVISHNU DISTRIBUTORS\"",\""state\"":14,\""country\"":\""India\"",\""pincode\"":423205,\""email_id\"":\""yeolegirish4@gmail.com\"",\""last_name\"":null,\""pan_number\"":null,\""tin_number\"":\""29AAKCM8916G1ZZ\"",\""customer_id\"":6017,\""phone_number\"":9028114949}""",6017,2025-02-28 12:11:21,2026-07-02 11:36:49,0,,50751,tirupur,,2026-07-02 11:36:49,1,0
3631820,0,ACM006BRNS2P#85,80.00,ACM006BRNS2P#85,1,[],,BSRGBMP,,,0,Distributor,85,270517,B10,INV000000000058,2024-12-27,JGH_1100,subuser2@stockone.com,2024-12-27,"""{\""city\"":\""MALEGAON CAMP\"",\""name\"":\""NEW LAXMIVISHNU DISTRIBUTORS\"",\""state\"":14,\""country\"":\""India\"",\""pincode\"":423205,\""email_id\"":\""yeolegirish4@gmail.com\"",\""last_name\"":null,\""pan_number\"":null,\""tin_number\"":\""29AAKCM8916G1ZZ\"",\""customer_id\"":6017,\""phone_number\"":9028114949}""",6017,2025-02-28 12:11:30,2026-07-02 11:36:49,0,,50751,tirupur,,2026-07-02 11:36:49,1,0
3631822,0,ACM006BRNS2P#85,80.00,ACM006BRNS2P#85,1,[],,BGZVQZV,,,0,Distributor,85,270517,B10,INV000000000058,2024-12-27,JGH_1100,subuser2@stockone.com,2024-12-27,"""{\""city\"":\""MALEGAON CAMP\"",\""name\"":\""NEW LAXMIVISHNU DISTRIBUTORS\"",\""state\"":14,\""country\"":\""India\"",\""pincode\"":423205,\""email_id\"":\""yeolegirish4@gmail.com\"",\""last_name\"":null,\""pan_number\"":null,\""tin_number\"":\""29AAKCM8916G1ZZ\"",\""customer_id\"":6017,\""phone_number\"":9028114949}""",6017,2025-02-28 12:11:37,2026-07-02 11:36:49,0,,50751,tirupur,,2026-07-02 11:36:49,1,0
3631825,0,ACM006BRNS2P#85,80.00,ACM006BRNS2P#85,1,[],,DGYCIFN,,,0,Distributor,85,270517,B10,INV000000000058,2024-12-27,JGH_1100,subuser2@stockone.com,2024-12-27,"""{\""city\"":\""MALEGAON CAMP\"",\""name\"":\""NEW LAXMIVISHNU DISTRIBUTORS\"",\""state\"":14,\""country\"":\""India\"",\""pincode\"":423205,\""email_id\"":\""yeolegirish4@gmail.com\"",\""last_name\"":null,\""pan_number\"":null,\""tin_number\"":\""29AAKCM8916G1ZZ\"",\""customer_id\"":6017,\""phone_number\"":9028114949}""",6017,2025-02-28 12:11:43,2026-07-02 11:36:48,0,,50751,tirupur,,2026-07-02 11:36:48,1,0
3631827,0,ACM006BRNS2P#85,80.00,ACM006BRNS2P#85,1,[],,UDBGEIK,,,0,Distributor,85,270517,B10,INV000000000058,2024-12-27,JGH_1100,subuser2@stockone.com,2024-12-27,"""{\""city\"":\""MALEGAON CAMP\"",\""name\"":\""NEW LAXMIVISHNU DISTRIBUTORS\"",\""state\"":14,\""country\"":\""India\"",\""pincode\"":423205,\""email_id\"":\""yeolegirish4@gmail.com\"",\""last_name\"":null,\""pan_number\"":null,\""tin_number\"":\""29AAKCM8916G1ZZ\"",\""customer_id\"":6017,\""phone_number\"":9028114949}""",6017,2025-02-28 12:11:50,2026-07-02 11:36:49,0,,50751,tirupur,,2026-07-02 11:36:49,1,0
3631829,0,ACM006BRNS2P#85,80.00,ACM006BRNS2P#85,1,[],,NAKGINQ,,,0,Distributor,85,270517,B10,INV000000000058,2024-12-27,JGH_1100,subuser2@stockone.com,2024-12-27,"""{\""city\"":\""MALEGAON CAMP\"",\""name\"":\""NEW LAXMIVISHNU DISTRIBUTORS\"",\""state\"":14,\""country\"":\""India\"",\""pincode\"":423205,\""email_id\"":\""yeolegirish4@gmail.com\"",\""last_name\"":null,\""pan_number\"":null,\""tin_number\"":\""29AAKCM8916G1ZZ\"",\""customer_id\"":6017,\""phone_number\"":9028114949}""",6017,2025-02-28 12:11:56,2026-07-02 11:36:49,0,,50751,tirupur,,2026-07-02 11:36:49,1,0
3631833,0,ACM006BRNS2P#85,80.00,ACM006BRNS2P#85,1,[],,TZPURWX,,,0,Distributor,85,270517,B10,INV000000000058,2024-12-27,JGH_1100,subuser2@stockone.com,2024-12-27,"""{\""city\"":\""MALEGAON CAMP\"",\""name\"":\""NEW LAXMIVISHNU DISTRIBUTORS\"",\""state\"":14,\""country\"":\""India\"",\""pincode\"":423205,\""email_id\"":\""yeolegirish4@gmail.com\"",\""last_name\"":null,\""pan_number\"":null,\""tin_number\"":\""29AAKCM8916G1ZZ\"",\""customer_id\"":6017,\""phone_number\"":9028114949}""",6017,2025-02-28 12:12:26,2026-07-02 11:36:49,0,,50751,tirupur,,2026-07-02 11:36:49,1,0
3631836,0,ACM006BRNS2P#85,80.00,ACM006BRNS2P#85,1,[],,WHYAIEQ,,,0,Distributor,85,270517,B10,INV000000000058,2024-12-27,JGH_1100,subuser2@stockone.com,2024-12-27,"""{\""city\"":\""MALEGAON CAMP\"",\""name\"":\""NEW LAXMIVISHNU DISTRIBUTORS\"",\""state\"":14,\""country\"":\""India\"",\""pincode\"":423205,\""email_id\"":\""yeolegirish4@gmail.com\"",\""last_name\"":null,\""pan_number\"":null,\""tin_number\"":\""29AAKCM8916G1ZZ\"",\""customer_id\"":6017,\""phone_number\"":9028114949}""",6017,2025-02-28 12:12:37,2026-07-02 11:36:49,0,,50751,tirupur,,2026-07-02 11:36:49,1,0
3631838,0,ACM006BRNS2P#85,80.00,ACM006BRNS2P#85,1,[],,BXPOUYX,,,0,Distributor,85,270517,B10,INV000000000058,2024-12-27,JGH_1100,subuser2@stockone.com,2024-12-27,"""{\""city\"":\""MALEGAON CAMP\"",\""name\"":\""NEW LAXMIVISHNU DISTRIBUTORS\"",\""state\"":14,\""country\"":\""India\"",\""pincode\"":423205,\""email_id\"":\""yeolegirish4@gmail.com\"",\""last_name\"":null,\""pan_number\"":null,\""tin_number\"":\""29AAKCM8916G1ZZ\"",\""customer_id\"":6017,\""phone_number\"":9028114949}""",6017,2025-02-28 12:12:45,2026-07-02 11:36:49,0,,50751,tirupur,,2026-07-02 11:36:49,1,0
3631840,0,ACM006BRNS2P#85,80.00,ACM006BRNS2P#85,1,[],,OEEFAXK,,,0,Distributor,85,270517,B10,INV000000000058,2024-12-27,JGH_1100,subuser2@stockone.com,2024-12-27,"""{\""city\"":\""MALEGAON CAMP\"",\""name\"":\""NEW LAXMIVISHNU DISTRIBUTORS\"",\""state\"":14,\""country\"":\""India\"",\""pincode\"":423205,\""email_id\"":\""yeolegirish4@gmail.com\"",\""last_name\"":null,\""pan_number\"":null,\""tin_number\"":\""29AAKCM8916G1ZZ\"",\""customer_id\"":6017,\""phone_number\"":9028114949}""",6017,2025-02-28 12:12:56,2026-07-02 11:36:49,0,,50751,tirupur,,2026-07-02 11:36:49,1,0
3631843,0,ACM006BRNS2P#85,80.00,ACM006BRNS2P#85,1,[],,DTMEMBB,,,0,Distributor,85,270517,B10,INV000000000058,2024-12-27,JGH_1100,subuser2@stockone.com,2024-12-27,"""{\""city\"":\""MALEGAON CAMP\"",\""name\"":\""NEW LAXMIVISHNU DISTRIBUTORS\"",\""state\"":14,\""country\"":\""India\"",\""pincode\"":423205,\""email_id\"":\""yeolegirish4@gmail.com\"",\""last_name\"":null,\""pan_number\"":null,\""tin_number\"":\""29AAKCM8916G1ZZ\"",\""customer_id\"":6017,\""phone_number\"":9028114949}""",6017,2025-02-28 12:13:04,2026-07-02 11:36:49,0,,50751,tirupur,,2026-07-02 11:36:49,1,0
3631846,0,ACM006BRNS2P#85,80.00,ACM006BRNS2P#85,1,[],,HRZHCLA,,,0,Distributor,85,270517,B10,INV000000000058,2024-12-27,JGH_1100,subuser2@stockone.com,2024-12-27,"""{\""city\"":\""MALEGAON CAMP\"",\""name\"":\""NEW LAXMIVISHNU DISTRIBUTORS\"",\""state\"":14,\""country\"":\""India\"",\""pincode\"":423205,\""email_id\"":\""yeolegirish4@gmail.com\"",\""last_name\"":null,\""pan_number\"":null,\""tin_number\"":\""29AAKCM8916G1ZZ\"",\""customer_id\"":6017,\""phone_number\"":9028114949}""",6017,2025-02-28 12:13:22,2026-07-02 11:36:49,0,,50751,tirupur,,2026-07-02 11:36:49,1,0
3632609,,AMC101BMINI2P#100,,MCH PLAIN MINI TRUNK AST (2/10),0,,,se-n-27,,,0,Distributor,,281524,B10,2215405137,,,,2025-02-26,,6153,2025-02-28 12:17:17,2026-07-04 14:07:57,1,,77846,kolkata,,2026-07-04 14:07:57,1,0
3633818,0,ACM006BRNS2P#85,80.00,ACM006BRNS2P#85,1,[],,MPQXTIS,,,0,Distributor,85,270517,B10,INV000000000058,2024-12-27,JGH_1100,subuser2@stockone.com,2024-12-27,"""{\""city\"":\""MALEGAON CAMP\"",\""name\"":\""NEW LAXMIVISHNU DISTRIBUTORS\"",\""state\"":14,\""country\"":\""India\"",\""pincode\"":423205,\""email_id\"":\""yeolegirish4@gmail.com\"",\""last_name\"":null,\""pan_number\"":null,\""tin_number\"":\""29AAKCM8916G1ZZ\"",\""customer_id\"":6017,\""phone_number\"":9028114949}""",6017,2025-02-28 12:23:10,2026-07-02 11:36:50,0,,50751,tirupur,,2026-07-02 11:36:50,1,0
3633822,0,ACM006BRNS2P#85,80.00,ACM006BRNS2P#85,1,[],,HKQNNGM,,,0,Distributor,85,270517,B10,INV000000000058,2024-12-27,JGH_1100,subuser2@stockone.com,2024-12-27,"""{\""city\"":\""MALEGAON CAMP\"",\""name\"":\""NEW LAXMIVISHNU DISTRIBUTORS\"",\""state\"":14,\""country\"":\""India\"",\""pincode\"":423205,\""email_id\"":\""yeolegirish4@gmail.com\"",\""last_name\"":null,\""pan_number\"":null,\""tin_number\"":\""29AAKCM8916G1ZZ\"",\""customer_id\"":6017,\""phone_number\"":9028114949}""",6017,2025-02-28 12:23:32,2026-07-02 11:36:49,0,,50751,tirupur,,2026-07-02 11:36:49,1,0
3636489,0,ASI090BTRNK#XL,110.00,SPORTO M2402 PRINTED SPANDEX LONG TRUNK,1,[],,KSOVPQG,,,0,Distributors,6141086185,285332,B10,INV-00000101500,2025-02-28,JGH_1100,siva,2025-02-24,"""{\""city\"":\""PALAKKAD\"",\""name\"":\""V.LAKSHMANAN\"",\""state\"":null,\""country\"":null,\""pincode\"":\""0\"",\""email_id\"":null,\""last_name\"":null,\""pan_number\"":null,\""tin_number\"":null,\""customer_id\"":140,\""phone_number\"":null}""",5906,2025-02-28 14:33:44,2026-07-01 14:47:26,1,,77814,tirupur,,2026-07-01 14:47:26,1,0
3636566,0,ASI090BTRNK#XXL,110.00,SPORTO M2402 PRINTED SPANDEX LONG TRUNK,1,[],,DWKTZBQ,,,0,Distributors,6141086181,285334,B10,INV-00000101501,2025-02-28,JGH_1100,siva,2025-02-24,"""{\""city\"":\""PALAKKAD\"",\""name\"":\""V.LAKSHMANAN\"",\""state\"":null,\""country\"":null,\""pincode\"":\""0\"",\""email_id\"":null,\""last_name\"":null,\""pan_number\"":null,\""tin_number\"":null,\""customer_id\"":140,\""phone_number\"":null}""",5906,2025-02-28 14:34:13,2026-07-01 14:47:27,1,,77814,tirupur,,2026-07-01 14:47:27,1,0
3637667,0,ASI089BTRNK#XL,110.00,SPORTO M2401 PLAIN SPANDEX LONG TRUNK,1,[],,EUYORCU,,,0,Distributors,6141086180,285322,B10,INV-00000101522,2025-02-28,JGH_1100,siva,2025-02-24,"""{\""city\"":\""PALAKKAD\"",\""name\"":\""V.LAKSHMANAN\"",\""state\"":null,\""country\"":null,\""pincode\"":\""0\"",\""email_id\"":null,\""last_name\"":null,\""pan_number\"":null,\""tin_number\"":null,\""customer_id\"":140,\""phone_number\"":null}""",5906,2025-02-28 14:57:20,2026-07-01 15:10:27,1,,71808,tirupur,,2026-07-01 15:10:27,1,0
3637996,0,ACM023BTRNK#85,80.00,ACM023BTRNK#85,1,[],,RYSSAVY,,,0,Distributor,85,270971,B10,INV000000000058,2024-12-27,JGH_1100,subuser2@stockone.com,2024-12-27,"""{\""city\"":\""GUNTUR\"",\""name\"":\""SRI LAKSHMI GAYATHRI AGENCIES\"",\""state\"":1,\""country\"":\""India\"",\""pincode\"":522601,\""email_id\"":\""uppalanchukiran@gmail.com\"",\""last_name\"":null,\""pan_number\"":null,\""tin_number\"":\""29AAKCM8916G1ZZ\"",\""customer_id\"":5943,\""phone_number\"":9290547517}""",5943,2025-02-28 15:02:09,2026-07-01 12:25:07,0,,49425,tirupur,,2026-07-01 12:25:07,1,0
3646068,,AGL035BTRNK#100,,AMUL COMFY FCD TRUNKS POCKET OUTER,0,,,dIkQ-47,,,0,Distributor,,279438,B10,8515401489,,,,2025-02-27,,5871,2025-02-28 15:38:56,2026-07-05 10:56:44,1,,71562,kolkata,,2026-07-05 10:56:44,1,0
3646351,,AMC101BMINI2P#80,,MCH PLAIN MINI TRUNK AST (2/10),0,,,ggdn-07,,,0,Distributor,,281530,B10,8515401491,,,,2025-02-27,,5871,2025-02-28 15:39:11,2026-07-05 11:13:19,1,,76002,kolkata,,2026-07-05 11:13:19,1,0
3658311,0,ACM006BRNS2P#85,80.00,ACM006BRNS2P#85,1,[],,VZBTQTS,,,0,Distributor,85,270517,B10,INV000000000058,2024-12-27,JGH_1100,subuser2@stockone.com,2024-12-27,"""{\""city\"":\""MALEGAON CAMP\"",\""name\"":\""NEW LAXMIVISHNU DISTRIBUTORS\"",\""state\"":14,\""country\"":\""India\"",\""pincode\"":423205,\""email_id\"":\""yeolegirish4@gmail.com\"",\""last_name\"":null,\""pan_number\"":null,\""tin_number\"":\""29AAKCM8916G1ZZ\"",\""customer_id\"":6017,\""phone_number\"":9028114949}""",6017,2025-02-28 17:06:22,2026-07-02 11:36:49,0,,50751,tirupur,,2026-07-02 11:36:49,1,0
3658315,0,ACM006BRNS2P#85,80.00,ACM006BRNS2P#85,1,[],,IKBCJET,,,0,Distributor,85,270517,B10,INV000000000058,2024-12-27,JGH_1100,subuser2@stockone.com,2024-12-27,"""{\""city\"":\""MALEGAON CAMP\"",\""name\"":\""NEW LAXMIVISHNU DISTRIBUTORS\"",\""state\"":14,\""country\"":\""India\"",\""pincode\"":423205,\""email_id\"":\""yeolegirish4@gmail.com\"",\""last_name\"":null,\""pan_number\"":null,\""tin_number\"":\""29AAKCM8916G1ZZ\"",\""customer_id\"":6017,\""phone_number\"":9028114949}""",6017,2025-02-28 17:06:39,2026-07-02 11:36:50,0,,50751,tirupur,,2026-07-02 11:36:50,1,0
3658317,0,ACM006BRNS2P#85,80.00,ACM006BRNS2P#85,1,[],,XIJAIJY,,,0,Distributor,85,270517,B10,INV000000000058,2024-12-27,JGH_1100,subuser2@stockone.com,2024-12-27,"""{\""city\"":\""MALEGAON CAMP\"",\""name\"":\""NEW LAXMIVISHNU DISTRIBUTORS\"",\""state\"":14,\""country\"":\""India\"",\""pincode\"":423205,\""email_id\"":\""yeolegirish4@gmail.com\"",\""last_name\"":null,\""pan_number\"":null,\""tin_number\"":\""29AAKCM8916G1ZZ\"",\""customer_id\"":6017,\""phone_number\"":9028114949}""",6017,2025-02-28 17:06:53,2026-07-02 11:36:50,0,,50751,tirupur,,2026-07-02 11:36:50,1,0
3658319,0,ACM006BRNS2P#85,80.00,ACM006BRNS2P#85,1,[],,YXTCXHM,,,0,Distributor,85,270517,B10,INV000000000058,2024-12-27,JGH_1100,subuser2@stockone.com,2024-12-27,"""{\""city\"":\""MALEGAON CAMP\"",\""name\"":\""NEW LAXMIVISHNU DISTRIBUTORS\"",\""state\"":14,\""country\"":\""India\"",\""pincode\"":423205,\""email_id\"":\""yeolegirish4@gmail.com\"",\""last_name\"":null,\""pan_number\"":null,\""tin_number\"":\""29AAKCM8916G1ZZ\"",\""customer_id\"":6017,\""phone_number\"":9028114949}""",6017,2025-02-28 17:07:07,2026-07-02 11:36:50,0,,50751,tirupur,,2026-07-02 11:36:50,1,0
3658324,0,ACM006BRNS2P#85,80.00,ACM006BRNS2P#85,1,[],,KQBLMRN,,,0,Distributor,85,270517,B10,INV000000000058,2024-12-27,JGH_1100,subuser2@stockone.com,2024-12-27,"""{\""city\"":\""MALEGAON CAMP\"",\""name\"":\""NEW LAXMIVISHNU DISTRIBUTORS\"",\""state\"":14,\""country\"":\""India\"",\""pincode\"":423205,\""email_id\"":\""yeolegirish4@gmail.com\"",\""last_name\"":null,\""pan_number\"":null,\""tin_number\"":\""29AAKCM8916G1ZZ\"",\""customer_id\"":6017,\""phone_number\"":9028114949}""",6017,2025-02-28 17:07:18,2026-07-02 11:36:50,0,,50751,tirupur,,2026-07-02 11:36:50,1,0
3658328,0,ACM006BRNS2P#85,80.00,ACM006BRNS2P#85,1,[],,FXTNWAT,,,0,Distributor,85,270517,B10,INV000000000058,2024-12-27,JGH_1100,subuser2@stockone.com,2024-12-27,"""{\""city\"":\""MALEGAON CAMP\"",\""name\"":\""NEW LAXMIVISHNU DISTRIBUTORS\"",\""state\"":14,\""country\"":\""India\"",\""pincode\"":423205,\""email_id\"":\""yeolegirish4@gmail.com\"",\""last_name\"":null,\""pan_number\"":null,\""tin_number\"":\""29AAKCM8916G1ZZ\"",\""customer_id\"":6017,\""phone_number\"":9028114949}""",6017,2025-02-28 17:07:26,2026-07-02 11:36:50,0,,50751,tirupur,,2026-07-02 11:36:50,1,0
3658332,0,ACM006BRNS2P#85,80.00,ACM006BRNS2P#85,1,[],,YLYVWUM,,,0,Distributor,85,270517,B10,INV000000000058,2024-12-27,JGH_1100,subuser2@stockone.com,2024-12-27,"""{\""city\"":\""MALEGAON CAMP\"",\""name\"":\""NEW LAXMIVISHNU DISTRIBUTORS\"",\""state\"":14,\""country\"":\""India\"",\""pincode\"":423205,\""email_id\"":\""yeolegirish4@gmail.com\"",\""last_name\"":null,\""pan_number\"":null,\""tin_number\"":\""29AAKCM8916G1ZZ\"",\""customer_id\"":6017,\""phone_number\"":9028114949}""",6017,2025-02-28 17:07:35,2026-07-02 11:36:50,0,,50751,tirupur,,2026-07-02 11:36:50,1,0
3658335,0,ACM006BRNS2P#85,80.00,ACM006BRNS2P#85,1,[],,BHKLIAR,,,0,Distributor,85,270517,B10,INV000000000058,2024-12-27,JGH_1100,subuser2@stockone.com,2024-12-27,"""{\""city\"":\""MALEGAON CAMP\"",\""name\"":\""NEW LAXMIVISHNU DISTRIBUTORS\"",\""state\"":14,\""country\"":\""India\"",\""pincode\"":423205,\""email_id\"":\""yeolegirish4@gmail.com\"",\""last_name\"":null,\""pan_number\"":null,\""tin_number\"":\""29AAKCM8916G1ZZ\"",\""customer_id\"":6017,\""phone_number\"":9028114949}""",6017,2025-02-28 17:07:45,2026-07-02 11:36:50,0,,50751,tirupur,,2026-07-02 11:36:50,1,0
3658339,0,ACM006BRNS2P#85,80.00,ACM006BRNS2P#85,1,[],,PNNWDBY,,,0,Distributor,85,270517,B10,INV000000000058,2024-12-27,JGH_1100,subuser2@stockone.com,2024-12-27,"""{\""city\"":\""MALEGAON CAMP\"",\""name\"":\""NEW LAXMIVISHNU DISTRIBUTORS\"",\""state\"":14,\""country\"":\""India\"",\""pincode\"":423205,\""email_id\"":\""yeolegirish4@gmail.com\"",\""last_name\"":null,\""pan_number\"":null,\""tin_number\"":\""29AAKCM8916G1ZZ\"",\""customer_id\"":6017,\""phone_number\"":9028114949}""",6017,2025-02-28 17:07:55,2026-07-02 11:36:49,0,,50751,tirupur,,2026-07-02 11:36:49,1,0
3658342,0,ACM006BRNS2P#85,80.00,ACM006BRNS2P#85,1,[],,WBXJEZI,,,0,Distributor,85,270517,B10,INV000000000058,2024-12-27,JGH_1100,subuser2@stockone.com,2024-12-27,"""{\""city\"":\""MALEGAON CAMP\"",\""name\"":\""NEW LAXMIVISHNU DISTRIBUTORS\"",\""state\"":14,\""country\"":\""India\"",\""pincode\"":423205,\""email_id\"":\""yeolegirish4@gmail.com\"",\""last_name\"":null,\""pan_number\"":null,\""tin_number\"":\""29AAKCM8916G1ZZ\"",\""customer_id\"":6017,\""phone_number\"":9028114949}""",6017,2025-02-28 17:08:03,2026-07-02 11:36:49,0,,50751,tirupur,,2026-07-02 11:36:49,1,0
3658344,0,ACM006BRNS2P#85,80.00,ACM006BRNS2P#85,1,[],,PRKKZAN,,,0,Distributor,85,270517,B10,INV000000000058,2024-12-27,JGH_1100,subuser2@stockone.com,2024-12-27,"""{\""city\"":\""MALEGAON CAMP\"",\""name\"":\""NEW LAXMIVISHNU DISTRIBUTORS\"",\""state\"":14,\""country\"":\""India\"",\""pincode\"":423205,\""email_id\"":\""yeolegirish4@gmail.com\"",\""last_name\"":null,\""pan_number\"":null,\""tin_number\"":\""29AAKCM8916G1ZZ\"",\""customer_id\"":6017,\""phone_number\"":9028114949}""",6017,2025-02-28 17:08:19,2026-07-02 11:36:49,0,,50751,tirupur,,2026-07-02 11:36:49,1,0
3658493,0,ACM006BRNS2P#85,80.00,ACM006BRNS2P#85,1,[],,DBVBOYA,,,0,Distributor,85,270517,B10,INV000000000058,2024-12-27,JGH_1100,subuser2@stockone.com,2024-12-27,"""{\""city\"":\""MALEGAON CAMP\"",\""name\"":\""NEW LAXMIVISHNU DISTRIBUTORS\"",\""state\"":14,\""country\"":\""India\"",\""pincode\"":423205,\""email_id\"":\""yeolegirish4@gmail.com\"",\""last_name\"":null,\""pan_number\"":null,\""tin_number\"":\""29AAKCM8916G1ZZ\"",\""customer_id\"":6017,\""phone_number\"":9028114949}""",6017,2025-02-28 17:16:25,2026-07-02 11:36:50,0,,50751,tirupur,,2026-07-02 11:36:50,1,0
3658494,0,ACM006BRNS2P#85,80.00,ACM006BRNS2P#85,1,[],,TKPGVBW,,,0,Distributor,85,270517,B10,INV000000000058,2024-12-27,JGH_1100,subuser2@stockone.com,2024-12-27,"""{\""city\"":\""MALEGAON CAMP\"",\""name\"":\""NEW LAXMIVISHNU DISTRIBUTORS\"",\""state\"":14,\""country\"":\""India\"",\""pincode\"":423205,\""email_id\"":\""yeolegirish4@gmail.com\"",\""last_name\"":null,\""pan_number\"":null,\""tin_number\"":\""29AAKCM8916G1ZZ\"",\""customer_id\"":6017,\""phone_number\"":9028114949}""",6017,2025-02-28 17:16:32,2026-07-02 11:36:50,0,,50751,tirupur,,2026-07-02 11:36:50,1,0
3658499,0,ACM006BRNS2P#85,80.00,ACM006BRNS2P#85,1,[],,JVJOHDJ,,,0,Distributor,85,270517,B10,INV000000000058,2024-12-27,JGH_1100,subuser2@stockone.com,2024-12-27,"""{\""city\"":\""MALEGAON CAMP\"",\""name\"":\""NEW LAXMIVISHNU DISTRIBUTORS\"",\""state\"":14,\""country\"":\""India\"",\""pincode\"":423205,\""email_id\"":\""yeolegirish4@gmail.com\"",\""last_name\"":null,\""pan_number\"":null,\""tin_number\"":\""29AAKCM8916G1ZZ\"",\""customer_id\"":6017,\""phone_number\"":9028114949}""",6017,2025-02-28 17:16:41,2026-07-02 11:36:50,0,,50751,tirupur,,2026-07-02 11:36:50,1,0
3658503,0,ACM006BRNS2P#85,80.00,ACM006BRNS2P#85,1,[],,HJBQILC,,,0,Distributor,85,270517,B10,INV000000000058,2024-12-27,JGH_1100,subuser2@stockone.com,2024-12-27,"""{\""city\"":\""MALEGAON CAMP\"",\""name\"":\""NEW LAXMIVISHNU DISTRIBUTORS\"",\""state\"":14,\""country\"":\""India\"",\""pincode\"":423205,\""email_id\"":\""yeolegirish4@gmail.com\"",\""last_name\"":null,\""pan_number\"":null,\""tin_number\"":\""29AAKCM8916G1ZZ\"",\""customer_id\"":6017,\""phone_number\"":9028114949}""",6017,2025-02-28 17:16:50,2026-07-02 11:36:50,0,,50751,tirupur,,2026-07-02 11:36:50,1,0
3658507,0,ACM006BRNS2P#85,80.00,ACM006BRNS2P#85,1,[],,FQEBYAF,,,0,Distributor,85,270517,B10,INV000000000058,2024-12-27,JGH_1100,subuser2@stockone.com,2024-12-27,"""{\""city\"":\""MALEGAON CAMP\"",\""name\"":\""NEW LAXMIVISHNU DISTRIBUTORS\"",\""state\"":14,\""country\"":\""India\"",\""pincode\"":423205,\""email_id\"":\""yeolegirish4@gmail.com\"",\""last_name\"":null,\""pan_number\"":null,\""tin_number\"":\""29AAKCM8916G1ZZ\"",\""customer_id\"":6017,\""phone_number\"":9028114949}""",6017,2025-02-28 17:17:29,2026-07-02 11:36:50,0,,50751,tirupur,,2026-07-02 11:36:50,1,0
3658513,0,ACM006BRNS2P#85,80.00,ACM006BRNS2P#85,1,[],,UBFGFXP,,,0,Distributor,85,270517,B10,INV000000000058,2024-12-27,JGH_1100,subuser2@stockone.com,2024-12-27,"""{\""city\"":\""MALEGAON CAMP\"",\""name\"":\""NEW LAXMIVISHNU DISTRIBUTORS\"",\""state\"":14,\""country\"":\""India\"",\""pincode\"":423205,\""email_id\"":\""yeolegirish4@gmail.com\"",\""last_name\"":null,\""pan_number\"":null,\""tin_number\"":\""29AAKCM8916G1ZZ\"",\""customer_id\"":6017,\""phone_number\"":9028114949}""",6017,2025-02-28 17:17:45,2026-07-02 11:36:51,0,,50751,tirupur,,2026-07-02 11:36:51,1,0
3658517,0,ACM006BRNS2P#85,80.00,ACM006BRNS2P#85,1,[],,IGRYQWS,,,0,Distributor,85,270517,B10,INV000000000058,2024-12-27,JGH_1100,subuser2@stockone.com,2024-12-27,"""{\""city\"":\""MALEGAON CAMP\"",\""name\"":\""NEW LAXMIVISHNU DISTRIBUTORS\"",\""state\"":14,\""country\"":\""India\"",\""pincode\"":423205,\""email_id\"":\""yeolegirish4@gmail.com\"",\""last_name\"":null,\""pan_number\"":null,\""tin_number\"":\""29AAKCM8916G1ZZ\"",\""customer_id\"":6017,\""phone_number\"":9028114949}""",6017,2025-02-28 17:17:57,2026-07-02 11:36:51,0,,50751,tirupur,,2026-07-02 11:36:51,1,0
3658519,0,ACM006BRNS2P#85,80.00,ACM006BRNS2P#85,1,[],,GUDBGOM,,,0,Distributor,85,270517,B10,INV000000000058,2024-12-27,JGH_1100,subuser2@stockone.com,2024-12-27,"""{\""city\"":\""MALEGAON CAMP\"",\""name\"":\""NEW LAXMIVISHNU DISTRIBUTORS\"",\""state\"":14,\""country\"":\""India\"",\""pincode\"":423205,\""email_id\"":\""yeolegirish4@gmail.com\"",\""last_name\"":null,\""pan_number\"":null,\""tin_number\"":\""29AAKCM8916G1ZZ\"",\""customer_id\"":6017,\""phone_number\"":9028114949}""",6017,2025-02-28 17:18:07,2026-07-02 11:36:50,0,,50751,tirupur,,2026-07-02 11:36:50,1,0
3658520,0,ACM006BRNS2P#85,80.00,ACM006BRNS2P#85,1,[],,UTULHWP,,,0,Distributor,85,270517,B10,INV000000000058,2024-12-27,JGH_1100,subuser2@stockone.com,2024-12-27,"""{\""city\"":\""MALEGAON CAMP\"",\""name\"":\""NEW LAXMIVISHNU DISTRIBUTORS\"",\""state\"":14,\""country\"":\""India\"",\""pincode\"":423205,\""email_id\"":\""yeolegirish4@gmail.com\"",\""last_name\"":null,\""pan_number\"":null,\""tin_number\"":\""29AAKCM8916G1ZZ\"",\""customer_id\"":6017,\""phone_number\"":9028114949}""",6017,2025-02-28 17:18:17,2026-07-02 11:36:50,0,,50751,tirupur,,2026-07-02 11:36:50,1,0
3658525,0,ACM006BRNS2P#85,80.00,ACM006BRNS2P#85,1,[],,GNBCVRG,,,0,Distributor,85,270517,B10,INV000000000058,2024-12-27,JGH_1100,subuser2@stockone.com,2024-12-27,"""{\""city\"":\""MALEGAON CAMP\"",\""name\"":\""NEW LAXMIVISHNU DISTRIBUTORS\"",\""state\"":14,\""country\"":\""India\"",\""pincode\"":423205,\""email_id\"":\""yeolegirish4@gmail.com\"",\""last_name\"":null,\""pan_number\"":null,\""tin_number\"":\""29AAKCM8916G1ZZ\"",\""customer_id\"":6017,\""phone_number\"":9028114949}""",6017,2025-02-28 17:18:28,2026-07-02 11:36:51,0,,50751,tirupur,,2026-07-02 11:36:51,1,0
3658527,0,ACM006BRNS2P#85,80.00,ACM006BRNS2P#85,1,[],,LYEYWDG,,,0,Distributor,85,270517,B10,INV000000000058,2024-12-27,JGH_1100,subuser2@stockone.com,2024-12-27,"""{\""city\"":\""MALEGAON CAMP\"",\""name\"":\""NEW LAXMIVISHNU DISTRIBUTORS\"",\""state\"":14,\""country\"":\""India\"",\""pincode\"":423205,\""email_id\"":\""yeolegirish4@gmail.com\"",\""last_name\"":null,\""pan_number\"":null,\""tin_number\"":\""29AAKCM8916G1ZZ\"",\""customer_id\"":6017,\""phone_number\"":9028114949}""",6017,2025-02-28 17:18:34,2026-07-02 11:36:50,0,,50751,tirupur,,2026-07-02 11:36:50,1,0
3658530,0,ACM006BRNS2P#85,80.00,ACM006BRNS2P#85,1,[],,IKBTHQX,,,0,Distributor,85,270517,B10,INV000000000058,2024-12-27,JGH_1100,subuser2@stockone.com,2024-12-27,"""{\""city\"":\""MALEGAON CAMP\"",\""name\"":\""NEW LAXMIVISHNU DISTRIBUTORS\"",\""state\"":14,\""country\"":\""India\"",\""pincode\"":423205,\""email_id\"":\""yeolegirish4@gmail.com\"",\""last_name\"":null,\""pan_number\"":null,\""tin_number\"":\""29AAKCM8916G1ZZ\"",\""customer_id\"":6017,\""phone_number\"":9028114949}""",6017,2025-02-28 17:18:41,2026-07-02 11:36:51,0,,50751,tirupur,,2026-07-02 11:36:51,1,0
3658538,0,ACM006BRNS2P#85,80.00,ACM006BRNS2P#85,1,[],,RWLHAIK,,,0,Distributor,85,270517,B10,INV000000000058,2024-12-27,JGH_1100,subuser2@stockone.com,2024-12-27,"""{\""city\"":\""MALEGAON CAMP\"",\""name\"":\""NEW LAXMIVISHNU DISTRIBUTORS\"",\""state\"":14,\""country\"":\""India\"",\""pincode\"":423205,\""email_id\"":\""yeolegirish4@gmail.com\"",\""last_name\"":null,\""pan_number\"":null,\""tin_number\"":\""29AAKCM8916G1ZZ\"",\""customer_id\"":6017,\""phone_number\"":9028114949}""",6017,2025-02-28 17:19:36,2026-07-02 11:36:51,0,,50751,tirupur,,2026-07-02 11:36:51,1,0
3658541,0,ACM006BRNS2P#85,80.00,ACM006BRNS2P#85,1,[],,FOXIFDT,,,0,Distributor,85,270517,B10,INV000000000058,2024-12-27,JGH_1100,subuser2@stockone.com,2024-12-27,"""{\""city\"":\""MALEGAON CAMP\"",\""name\"":\""NEW LAXMIVISHNU DISTRIBUTORS\"",\""state\"":14,\""country\"":\""India\"",\""pincode\"":423205,\""email_id\"":\""yeolegirish4@gmail.com\"",\""last_name\"":null,\""pan_number\"":null,\""tin_number\"":\""29AAKCM8916G1ZZ\"",\""customer_id\"":6017,\""phone_number\"":9028114949}""",6017,2025-02-28 17:19:44,2026-07-02 11:36:51,0,,50751,tirupur,,2026-07-02 11:36:51,1,0
3658564,0,ACM006BRNS2P#85,80.00,ACM006BRNS2P#85,1,[],,NYAYBSH,,,0,Distributor,85,270517,B10,INV000000000058,2024-12-27,JGH_1100,subuser2@stockone.com,2024-12-27,"""{\""city\"":\""MALEGAON CAMP\"",\""name\"":\""NEW LAXMIVISHNU DISTRIBUTORS\"",\""state\"":14,\""country\"":\""India\"",\""pincode\"":423205,\""email_id\"":\""yeolegirish4@gmail.com\"",\""last_name\"":null,\""pan_number\"":null,\""tin_number\"":\""29AAKCM8916G1ZZ\"",\""customer_id\"":6017,\""phone_number\"":9028114949}""",6017,2025-02-28 17:21:32,2026-07-02 11:36:51,0,,50751,tirupur,,2026-07-02 11:36:51,1,0
3658566,0,ACM006BRNS2P#85,80.00,ACM006BRNS2P#85,1,[],,FWTKAWF,,,0,Distributor,85,270517,B10,INV000000000058,2024-12-27,JGH_1100,subuser2@stockone.com,2024-12-27,"""{\""city\"":\""MALEGAON CAMP\"",\""name\"":\""NEW LAXMIVISHNU DISTRIBUTORS\"",\""state\"":14,\""country\"":\""India\"",\""pincode\"":423205,\""email_id\"":\""yeolegirish4@gmail.com\"",\""last_name\"":null,\""pan_number\"":null,\""tin_number\"":\""29AAKCM8916G1ZZ\"",\""customer_id\"":6017,\""phone_number\"":9028114949}""",6017,2025-02-28 17:21:48,2026-07-02 11:36:51,0,,50751,tirupur,,2026-07-02 11:36:51,1,0
3680663,0,AMC002BRNSZP#75,55.42,MACHO ELITE VEST WHT. RNS (1/10) ZP,1,[],,MLKGBFI,,,0,Distributors,6141088989,279897,B10,INV-00000102784,2025-03-01,JGH_1100,balu,2025-02-27,"""{\""city\"":\""CALICUT\"",\""name\"":\""NEW FASHION SOUK\"",\""state\"":null,\""country\"":null,\""pincode\"":\""0\"",\""email_id\"":null,\""last_name\"":null,\""pan_number\"":null,\""tin_number\"":null,\""customer_id\"":139,\""phone_number\"":null}""",5903,2025-03-01 17:38:56,2026-07-02 12:46:34,1,,72919,tirupur,,2026-07-02 12:46:34,1,0
3683967,0,ASP032BMEL#XL,0.00,SPORTO 222 G.MELANGE,1,[],,ZOXREZS,,,0,Distributors,6141085771,286227,B5,INV-00000103181,2025-03-01,JGH_1100,madesh,2025-02-24,"""{\""city\"":\""RAJPURA TOWN\"",\""name\"":\""DURGA ENTERPRISES\"",\""state\"":null,\""country\"":null,\""pincode\"":\""0\"",\""email_id\"":null,\""last_name\"":null,\""pan_number\"":null,\""tin_number\"":null,\""customer_id\"":213,\""phone_number\"":null}""",6176,2025-03-01 19:16:06,2026-07-01 16:46:41,1,,77818,tirupur,,2026-07-01 16:46:41,1,0
3693203,0,AMC061BBRIF1AST#90,106.59,MCH SMART CUT BRIEF AST (1/10),1,[],,KLNOPMM,,,0,Distributors,6141089044,281357,B10,INV-00000104589,2025-03-02,JGH_1100,arunachala,2025-02-28,"""{\""city\"":\""BANGALORE\"",\""name\"":\""GAYATHRI DISTRIBUTORS\"",\""state\"":null,\""country\"":null,\""pincode\"":\""0\"",\""email_id\"":null,\""last_name\"":null,\""pan_number\"":null,\""tin_number\"":null,\""customer_id\"":368,\""phone_number\"":null}""",5878,2025-03-02 18:13:27,2026-07-01 15:41:30,1,,77692,tirupur,,2026-07-01 15:41:30,1,0
3693730,0,AMC114BTRNK#80,166.00,MACHO PLAIN TRUNK POCKET AST. ( 1/10 ),1,[],,GOQLEKI,,,0,Distributors,6141089768,281951,B10,INV-00000104619,2025-03-02,JGH_1100,arunachala,2025-03-01,"""{\""city\"":\""PALAKKAD\"",\""name\"":\""V.LAKSHMANAN\"",\""state\"":null,\""country\"":null,\""pincode\"":\""0\"",\""email_id\"":null,\""last_name\"":null,\""pan_number\"":null,\""tin_number\"":null,\""customer_id\"":140,\""phone_number\"":null}""",5906,2025-03-02 18:20:34,2026-07-01 11:09:14,1,,77804,tirupur,,2026-07-01 11:09:14,1,0
3736356,0,AMC111BTRNK#100,0.00,MCH PLAIN TRUNK AST (1/10),1,[],,JSNXSGT,,,0,Distributors,6141083183,281734,B10,INV-00000106373,2025-03-05,JGH_1100,siva,2025-02-20,"""{\""city\"":\""HOSKOTE\"",\""name\"":\""BYRAVESHWARA ENTERPRISES\"",\""state\"":null,\""country\"":null,\""pincode\"":\""0\"",\""email_id\"":null,\""last_name\"":null,\""pan_number\"":null,\""tin_number\"":null,\""customer_id\"":146,\""phone_number\"":null}""",5879,2025-03-05 09:18:23,2026-07-04 18:25:45,1,,76634,tirupur,,2026-07-04 18:25:45,1,0
3766133,0,ACM001SRN#45,0.00,AMUL COMFY VEST S RN WHITE,1,[],,ZEGEPBF,,,0,Distributors,6141092419,270281,B10,INV-00000107545,2025-03-06,JGH_1100,balu,2025-03-04,"""{\""city\"":\""FARIDABAD\"",\""name\"":\""AGGARWAL HOSIERY\"",\""state\"":null,\""country\"":null,\""pincode\"":\""0\"",\""email_id\"":null,\""last_name\"":null,\""pan_number\"":null,\""tin_number\"":null,\""customer_id\"":89,\""phone_number\"":null}""",6087,2025-03-06 11:31:19,2026-07-02 21:57:35,1,,69858,tirupur,,2026-07-02 21:57:35,1,0
3783934,0,ACM001SRN#60,0.00,AMUL COMFY VEST S RN WHITE,1,[],,YVCRJOM,,,0,Distributors,6141092723,270284,B10,INV-00000108134,2025-03-06,JGH_1100,balu,2025-03-04,"""{\""city\"":\""PALWAL\"",\""name\"":\""AGGARWAL COAL DEPOT\"",\""state\"":null,\""country\"":null,\""pincode\"":\""0\"",\""email_id\"":null,\""last_name\"":null,\""pan_number\"":null,\""tin_number\"":null,\""customer_id\"":430,\""phone_number\"":null}""",6088,2025-03-06 18:02:09,2026-07-04 16:52:37,1,,49623,tirupur,,2026-07-04 16:52:37,1,0
3784583,0,AMC002BRNZP#100,0.00,MACHO ELITE VEST WHT RN (1/10) ZP,1,[],,IMNYIML,,,0,Distributors,6141092238,279903,B10,INV-00000108156,2025-03-06,JGH_1100,balu,2025-03-04,"""{\""city\"":\""CALICUT\"",\""name\"":\""NEW FASHION SOUK\"",\""state\"":null,\""country\"":null,\""pincode\"":\""0\"",\""email_id\"":null,\""last_name\"":null,\""pan_number\"":null,\""tin_number\"":null,\""customer_id\"":139,\""phone_number\"":null}""",5903,2025-03-06 18:12:28,2026-07-01 10:53:50,1,,77803,tirupur,,2026-07-01 10:53:50,1,0
3785705,0,ACM001BRNS2P#80,0.00,AMUL COMFY VEST B RNS WHITE TWIN PACK,1,[],,RWHQPKD,,,0,Distributors,6141092180,270245,B10,INV-00000108200,2025-03-06,JGH_1100,balu,2025-03-04,"""{\""city\"":\""HOSPET\"",\""name\"":\""MANJUNATH HOSIERY\"",\""state\"":null,\""country\"":null,\""pincode\"":\""0\"",\""email_id\"":null,\""last_name\"":null,\""pan_number\"":null,\""tin_number\"":null,\""customer_id\"":370,\""phone_number\"":null}""",5877,2025-03-06 18:21:23,2026-07-04 13:28:17,1,,77874,tirupur,,2026-07-04 13:28:17,1,0
3785899,0,ACM006BRN2P#95,68.87,AMUL COMFY VEST B RN COLOUR TWIN PACK,1,[],,PBTEVLZ,,,0,Distributors,6141092187,270486,B10,INV-00000108207,2025-03-06,JGH_1100,balu,2025-03-04,"""{\""city\"":\""HOSPET\"",\""name\"":\""MANJUNATH HOSIERY\"",\""state\"":null,\""country\"":null,\""pincode\"":\""0\"",\""email_id\"":null,\""last_name\"":null,\""pan_number\"":null,\""tin_number\"":null,\""customer_id\"":370,\""phone_number\"":null}""",5877,2025-03-06 18:22:36,2026-07-04 13:28:17,1,,77874,tirupur,,2026-07-04 13:28:17,1,0
3789727,0,ACM021BTRNK2AST#80,129.18,AMUL COMFY COLOUR B TRUNKS IE 2/10,1,[],,QGYMTCE,,,0,Distributors,6141092546,270873,B10,INV-00000108411,2025-03-06,JGH_1100,sunilkumarchandra,2025-03-04,"""{\""city\"":\""GURGAON\"",\""name\"":\""PRINCE HOSIERY\"",\""state\"":null,\""country\"":null,\""pincode\"":\""0\"",\""email_id\"":null,\""last_name\"":null,\""pan_number\"":null,\""tin_number\"":null,\""customer_id\"":480,\""phone_number\"":null}""",6090,2025-03-06 18:48:23,2026-07-03 18:49:55,1,,72021,tirupur,,2026-07-03 18:49:55,1,0
3792507,0,ASP162BAST#XXL,151.76,SPORTO M-1062 MEGA-TOP PANEL,1,[],,GLAYOPJ,,,0,Distributors,6141092154,286866,B5,INV-00000108538,2025-03-06,JGH_1100,balu,2025-03-04,"""{\""city\"":\""BANGALORE\"",\""name\"":\""GAYATHRI DISTRIBUTORS\"",\""state\"":null,\""country\"":null,\""pincode\"":\""0\"",\""email_id\"":null,\""last_name\"":null,\""pan_number\"":null,\""tin_number\"":null,\""customer_id\"":368,\""phone_number\"":null}""",5878,2025-03-06 19:18:47,2026-07-02 13:38:34,1,,54480,tirupur,,2026-07-02 13:38:34,1,0
3808488,0,AMC002BRNSZP#85,65.20,MACHO ELITE VEST WHT. RNS (1/10) ZP,1,[],,MVLSSYG,,,0,Distributors,6141092070,279899,B10,6151092070,2025-03-07,JGH_1100,balu,2025-03-04,"""{\""city\"":\""HOSPET\"",\""name\"":\""MANJUNATH HOSIERY\"",\""state\"":null,\""country\"":null,\""pincode\"":\""0\"",\""email_id\"":null,\""last_name\"":null,\""pan_number\"":null,\""tin_number\"":null,\""customer_id\"":370,\""phone_number\"":null}""",5877,2025-03-07 15:18:51,2026-07-01 14:20:41,1,,77581,tirupur,,2026-07-01 14:20:41,1,0
3825647,0,ASI084BTRNK#L,80.00,ASI084BTRNK#L,1,[],,IHNTQGL,,,0,Distributor,L,285269,B10,INV000000000058,2024-12-27,JGH_1100,subuser2@stockone.com,2024-12-27,"""{\""city\"":\""JALANDHAR\"",\""name\"":\""SURINDER STORE\"",\""state\"":20,\""country\"":\""India\"",\""pincode\"":144001,\""email_id\"":\""surinderstore@gmail.com\"",\""last_name\"":null,\""pan_number\"":null,\""tin_number\"":\""29AAKCM8916G1ZZ\"",\""customer_id\"":6162,\""phone_number\"":9915809705}""",6162,2025-03-07 18:43:40,2026-07-03 20:15:58,0,,70843,tirupur,,2026-07-03 20:15:58,1,0
6302798,0,ASP031BAST#M,80.00,ASP031BAST#M,1,[],,INCGTZK,,,0,Distributor,M,285942,B5,INV000000000058,2024-12-27,JGH_1100,subuser2@stockone.com,2024-12-27,"""{\""city\"":\""KASARAGOD\"",\""name\"":\""AZIM MARKETING\"",\""state\"":12,\""country\"":\""India\"",\""pincode\"":671318,\""email_id\"":\""ayanjem@rediffmail.com\"",\""last_name\"":null,\""pan_number\"":null,\""tin_number\"":\""29AAKCM8916G1ZZ\"",\""customer_id\"":5901,\""phone_number\"":9946465646}""",5901,2025-03-08 16:07:55,2026-07-03 16:59:19,0,,76740,tirupur,,2026-07-03 16:59:19,1,0
6306108,0,ASP032BWHT#XL,0.00,SPORTO 222 WHITE,1,[],,MWFEVBG,,,0,Distributors,6141094518,286277,B5,INV-00000110738,2025-03-08,JGH_1100,santhosh,2025-03-07,"""{\""city\"":\""ROHTAK\"",\""name\"":\""LALJI TRADERS\"",\""state\"":null,\""country\"":null,\""pincode\"":\""0\"",\""email_id\"":null,\""last_name\"":null,\""pan_number\"":null,\""tin_number\"":null,\""customer_id\"":313,\""phone_number\"":null}""",6102,2025-03-08 18:13:49,2026-07-03 13:18:10,1,,68090,tirupur,,2026-07-03 13:18:10,1,0
6306113,0,ASP032BWHT#XL,0.00,SPORTO 222 WHITE,1,[],,TPATLCP,,,0,Distributors,6141094518,286277,B5,INV-00000110738,2025-03-08,JGH_1100,santhosh,2025-03-07,"""{\""city\"":\""ROHTAK\"",\""name\"":\""LALJI TRADERS\"",\""state\"":null,\""country\"":null,\""pincode\"":\""0\"",\""email_id\"":null,\""last_name\"":null,\""pan_number\"":null,\""tin_number\"":null,\""customer_id\"":313,\""phone_number\"":null}""",6102,2025-03-08 18:13:49,2026-07-03 13:18:11,1,,68090,tirupur,,2026-07-03 13:18:11,1,0
6306120,0,ASP032BWHT#XL,0.00,SPORTO 222 WHITE,1,[],,YPYFEDU,,,0,Distributors,6141094518,286277,B5,INV-00000110738,2025-03-08,JGH_1100,santhosh,2025-03-07,"""{\""city\"":\""ROHTAK\"",\""name\"":\""LALJI TRADERS\"",\""state\"":null,\""country\"":null,\""pincode\"":\""0\"",\""email_id\"":null,\""last_name\"":null,\""pan_number\"":null,\""tin_number\"":null,\""customer_id\"":313,\""phone_number\"":null}""",6102,2025-03-08 18:13:50,2026-07-03 17:26:09,1,,68090,tirupur,,2026-07-03 17:26:09,1,0
6306218,0,ASP032BWHT#XXL,0.00,SPORTO 222 WHITE,1,[],,RHAAVWF,,,0,Distributors,6141094519,286279,B5,INV-00000110740,2025-03-08,JGH_1100,santhosh,2025-03-07,"""{\""city\"":\""ROHTAK\"",\""name\"":\""LALJI TRADERS\"",\""state\"":null,\""country\"":null,\""pincode\"":\""0\"",\""email_id\"":null,\""last_name\"":null,\""pan_number\"":null,\""tin_number\"":null,\""customer_id\"":313,\""phone_number\"":null}""",6102,2025-03-08 18:15:38,2026-07-03 13:18:11,1,,68090,tirupur,,2026-07-03 13:18:11,1,0
6315445,0,AMC111BTRNK#95,0.00,MCH PLAIN TRUNK AST (1/10),1,[],,FYRFLRY,,,0,Distributors,6141094550,281876,B10,INV-00000111134,2025-03-09,JGH_1100,anand,2025-03-07,"""{\""city\"":\""HOSKOTE\"",\""name\"":\""BYRAVESHWARA ENTERPRISES\"",\""state\"":null,\""country\"":null,\""pincode\"":\""0\"",\""email_id\"":null,\""last_name\"":null,\""pan_number\"":null,\""tin_number\"":null,\""customer_id\"":146,\""phone_number\"":null}""",5879,2025-03-09 15:05:08,2026-07-04 18:29:09,1,,76634,tirupur,,2026-07-04 18:29:09,1,0
7079584,0,AMC116BTRNK#80,0.00,MACHO PLAIN TRUNK POCKET WHT. ( 1/10 ),1,[],,IZPXEDF,,,0,Distributors,6141093950,281973,B10,INV-00000111478,2025-03-10,JGH_1100,anand,2025-03-06,"""{\""city\"":\""CALICUT\"",\""name\"":\""NEW FASHION SOUK\"",\""state\"":null,\""country\"":null,\""pincode\"":\""0\"",\""email_id\"":null,\""last_name\"":null,\""pan_number\"":null,\""tin_number\"":null,\""customer_id\"":139,\""phone_number\"":null}""",5903,2025-03-10 15:24:56,2026-07-01 13:06:55,1,,77808,tirupur,,2026-07-01 13:06:55,1,0
14507332,0,ACM211SCSRT-BLK#70,0.00,AMUL COMFY PLAIN BLACK SML CYCLING SHORT,1,[],,QZIDONR,,,0,Distributors,6141097168,272176,B10,INV-00000112200,2025-03-10,JGH_1100,madesh,2025-03-08,"""{\""city\"":\""MOGA\"",\""name\"":\""LUXMI GLASS HOUSE\"",\""state\"":null,\""country\"":null,\""pincode\"":\""0\"",\""email_id\"":null,\""last_name\"":null,\""pan_number\"":null,\""tin_number\"":null,\""customer_id\"":501,\""phone_number\"":null}""",6172,2025-03-10 18:29:09,2026-07-03 12:10:07,1,,48265,tirupur,,2026-07-03 12:10:07,1,0
14584703,0,ACM002BRNS#85,0.00,AMUL COMFY VEST TK B RNS WHITE BLUE TONE,1,[],,RLGGCCN,,,0,Distributors,6141098100,270354,B10,INV-00000112676,2025-03-11,JGH_1100,ananthi,2025-03-10,"""{\""city\"":\""BANGALORE\"",\""name\"":\""RATHOD MARKETING\"",\""state\"":null,\""country\"":null,\""pincode\"":\""0\"",\""email_id\"":null,\""last_name\"":null,\""pan_number\"":null,\""tin_number\"":null,\""customer_id\"":148,\""phone_number\"":null}""",5887,2025-03-11 14:10:18,2026-07-03 17:11:12,1,,48667,tirupur,,2026-07-03 17:11:12,1,0
14585689,0,AMC021BRN2PCZP#90,66.20,MACHO PARKA VEST WHT. RN TWIN (2/10) ZP,1,[],,YILWIST,,,0,Distributors,6141097848,280611,B10,INV-00000112715,2025-03-11,JGH_1100,balajig,2025-03-10,"""{\""city\"":\""PONTA SAHIB\"",\""name\"":\""CHOUDHARY TRADERS\"",\""state\"":null,\""country\"":null,\""pincode\"":\""0\"",\""email_id\"":null,\""last_name\"":null,\""pan_number\"":null,\""tin_number\"":null,\""customer_id\"":359,\""phone_number\"":null}""",6121,2025-03-11 15:39:34,2026-07-04 18:15:41,1,,55814,tirupur,,2026-07-04 18:15:41,1,0
14585690,0,AMC021BRN2PCZP#90,66.20,MACHO PARKA VEST WHT. RN TWIN (2/10) ZP,1,[],,MREDTKW,,,0,Distributors,6141097848,280611,B10,INV-00000112715,2025-03-11,JGH_1100,balajig,2025-03-10,"""{\""city\"":\""PONTA SAHIB\"",\""name\"":\""CHOUDHARY TRADERS\"",\""state\"":null,\""country\"":null,\""pincode\"":\""0\"",\""email_id\"":null,\""last_name\"":null,\""pan_number\"":null,\""tin_number\"":null,\""customer_id\"":359,\""phone_number\"":null}""",6121,2025-03-11 15:39:34,2026-07-04 18:15:41,1,,55814,tirupur,,2026-07-04 18:15:41,1,0
14587898,0,ACM031SBRIF2AST#65,0.00,AMUL COMFY COLOUR (2PC) S BRIEF,1,[],,VEVHUNK,,,0,Distributors,6141093948,271312,B10,INV-00000112866,2025-03-11,JGH_1100,siva,2025-03-06,"""{\""city\"":\""CALICUT\"",\""name\"":\""NEW FASHION SOUK\"",\""state\"":null,\""country\"":null,\""pincode\"":\""0\"",\""email_id\"":null,\""last_name\"":null,\""pan_number\"":null,\""tin_number\"":null,\""customer_id\"":139,\""phone_number\"":null}""",5903,2025-03-11 16:20:04,2026-07-02 12:19:24,1,,72919,tirupur,,2026-07-02 12:19:24,1,0
14596598,0,APR002BPNTS1AST#100,76.51,AMUL PRIYA PRINT PANTY (1 PC PACK),1,[],,KLUMEAK,,,0,Distributors,6141097841,284588,B10,INV-00000113302,2025-03-11,JGH_1100,madesh,2025-03-10,"""{\""city\"":\""PONTA SAHIB\"",\""name\"":\""CHOUDHARY TRADERS\"",\""state\"":null,\""country\"":null,\""pincode\"":\""0\"",\""email_id\"":null,\""last_name\"":null,\""pan_number\"":null,\""tin_number\"":null,\""customer_id\"":359,\""phone_number\"":null}""",6121,2025-03-11 17:53:22,2026-07-01 20:31:47,1,,48742,tirupur,,2026-07-01 20:31:47,1,0
14596622,0,APR002BPNTS1AST#95,71.81,AMUL PRIYA PRINT PANTY (1 PC PACK),1,[],,KDNYPGH,,,0,Distributors,6141097841,284597,B10,INV-00000113302,2025-03-11,JGH_1100,madesh,2025-03-10,"""{\""city\"":\""PONTA SAHIB\"",\""name\"":\""CHOUDHARY TRADERS\"",\""state\"":null,\""country\"":null,\""pincode\"":\""0\"",\""email_id\"":null,\""last_name\"":null,\""pan_number\"":null,\""tin_number\"":null,\""customer_id\"":359,\""phone_number\"":null}""",6121,2025-03-11 17:53:23,2026-07-01 20:31:47,1,,48742,tirupur,,2026-07-01 20:31:47,1,0
14614185,0,AMC026BRNZP#85,0.00,MACHO DERBY GML B RN (1/10) ZP,1,[],,NWQIQNL,,,0,Distributors,6141098430,280871,B5,INV-00000114618,2025-03-12,JGH_1100,madesh,2025-03-11,"""{\""city\"":\""DELHI\"",\""name\"":\""AHUJA AGENCIES\"",\""state\"":null,\""country\"":null,\""pincode\"":\""0\"",\""email_id\"":null,\""last_name\"":null,\""pan_number\"":null,\""tin_number\"":null,\""customer_id\"":9,\""phone_number\"":null}""",6301,2025-03-12 17:46:21,2026-07-04 20:21:00,1,,49277,tirupur,,2026-07-04 20:21:00,1,0
14620453,0,ACM030BTRNK#85,80.00,ACM030BTRNK#85,1,[],,KDSNQCK,,,0,Distributor,85,271246,B10,INV000000000058,2024-12-27,JGH_1100,subuser2@stockone.com,2024-12-27,"""{\""city\"":\""KOLLAM\"",\""name\"":\""FAS MARKETING\"",\""state\"":12,\""country\"":\""India\"",\""pincode\"":691583,\""email_id\"":\""fasmarketingklm@gmail.com\"",\""last_name\"":null,\""pan_number\"":null,\""tin_number\"":\""29AAKCM8916G1ZZ\"",\""customer_id\"":5911,\""phone_number\"":9447103428}""",5911,2025-03-13 13:45:15,2026-07-02 13:28:09,0,,76166,tirupur,,2026-07-02 13:28:09,1,0
14620455,0,ACM030BTRNK#85,80.00,ACM030BTRNK#85,1,[],,GMTYUZT,,,0,Distributor,85,271246,B10,INV000000000058,2024-12-27,JGH_1100,subuser2@stockone.com,2024-12-27,"""{\""city\"":\""KOLLAM\"",\""name\"":\""FAS MARKETING\"",\""state\"":12,\""country\"":\""India\"",\""pincode\"":691583,\""email_id\"":\""fasmarketingklm@gmail.com\"",\""last_name\"":null,\""pan_number\"":null,\""tin_number\"":\""29AAKCM8916G1ZZ\"",\""customer_id\"":5911,\""phone_number\"":9447103428}""",5911,2025-03-13 13:45:19,2026-07-02 13:28:09,0,,76166,tirupur,,2026-07-02 13:28:09,1,0
14620457,0,ACM030BTRNK#85,80.00,ACM030BTRNK#85,1,[],,TKVTJFX,,,0,Distributor,85,271246,B10,INV000000000058,2024-12-27,JGH_1100,subuser2@stockone.com,2024-12-27,"""{\""city\"":\""KOLLAM\"",\""name\"":\""FAS MARKETING\"",\""state\"":12,\""country\"":\""India\"",\""pincode\"":691583,\""email_id\"":\""fasmarketingklm@gmail.com\"",\""last_name\"":null,\""pan_number\"":null,\""tin_number\"":\""29AAKCM8916G1ZZ\"",\""customer_id\"":5911,\""phone_number\"":9447103428}""",5911,2025-03-13 13:45:23,2026-07-02 13:28:08,0,,76166,tirupur,,2026-07-02 13:28:08,1,0
14620460,0,ACM030BTRNK#85,80.00,ACM030BTRNK#85,1,[],,LTQAWOV,,,0,Distributor,85,271246,B10,INV000000000058,2024-12-27,JGH_1100,subuser2@stockone.com,2024-12-27,"""{\""city\"":\""KOLLAM\"",\""name\"":\""FAS MARKETING\"",\""state\"":12,\""country\"":\""India\"",\""pincode\"":691583,\""email_id\"":\""fasmarketingklm@gmail.com\"",\""last_name\"":null,\""pan_number\"":null,\""tin_number\"":\""29AAKCM8916G1ZZ\"",\""customer_id\"":5911,\""phone_number\"":9447103428}""",5911,2025-03-13 13:45:27,2026-07-02 13:28:08,0,,76166,tirupur,,2026-07-02 13:28:08,1,0
14620462,0,ACM030BTRNK#85,80.00,ACM030BTRNK#85,1,[],,VKAEIAM,,,0,Distributor,85,271246,B10,INV000000000058,2024-12-27,JGH_1100,subuser2@stockone.com,2024-12-27,"""{\""city\"":\""KOLLAM\"",\""name\"":\""FAS MARKETING\"",\""state\"":12,\""country\"":\""India\"",\""pincode\"":691583,\""email_id\"":\""fasmarketingklm@gmail.com\"",\""last_name\"":null,\""pan_number\"":null,\""tin_number\"":\""29AAKCM8916G1ZZ\"",\""customer_id\"":5911,\""phone_number\"":9447103428}""",5911,2025-03-13 13:45:30,2026-07-02 13:28:08,0,,76166,tirupur,,2026-07-02 13:28:08,1,0
14620463,0,ACM030BTRNK#85,80.00,ACM030BTRNK#85,1,[],,DNUQQRH,,,0,Distributor,85,271246,B10,INV000000000058,2024-12-27,JGH_1100,subuser2@stockone.com,2024-12-27,"""{\""city\"":\""KOLLAM\"",\""name\"":\""FAS MARKETING\"",\""state\"":12,\""country\"":\""India\"",\""pincode\"":691583,\""email_id\"":\""fasmarketingklm@gmail.com\"",\""last_name\"":null,\""pan_number\"":null,\""tin_number\"":\""29AAKCM8916G1ZZ\"",\""customer_id\"":5911,\""phone_number\"":9447103428}""",5911,2025-03-13 13:45:34,2026-07-02 13:28:08,0,,76166,tirupur,,2026-07-02 13:28:08,1,0
14620465,0,ACM030BTRNK#85,80.00,ACM030BTRNK#85,1,[],,PBTJRPN,,,0,Distributor,85,271246,B10,INV000000000058,2024-12-27,JGH_1100,subuser2@stockone.com,2024-12-27,"""{\""city\"":\""KOLLAM\"",\""name\"":\""FAS MARKETING\"",\""state\"":12,\""country\"":\""India\"",\""pincode\"":691583,\""email_id\"":\""fasmarketingklm@gmail.com\"",\""last_name\"":null,\""pan_number\"":null,\""tin_number\"":\""29AAKCM8916G1ZZ\"",\""customer_id\"":5911,\""phone_number\"":9447103428}""",5911,2025-03-13 13:45:38,2026-07-02 13:28:08,0,,76166,tirupur,,2026-07-02 13:28:08,1,0
14620466,0,ACM030BTRNK#85,80.00,ACM030BTRNK#85,1,[],,AHYSDIE,,,0,Distributor,85,271246,B10,INV000000000058,2024-12-27,JGH_1100,subuser2@stockone.com,2024-12-27,"""{\""city\"":\""KOLLAM\"",\""name\"":\""FAS MARKETING\"",\""state\"":12,\""country\"":\""India\"",\""pincode\"":691583,\""email_id\"":\""fasmarketingklm@gmail.com\"",\""last_name\"":null,\""pan_number\"":null,\""tin_number\"":\""29AAKCM8916G1ZZ\"",\""customer_id\"":5911,\""phone_number\"":9447103428}""",5911,2025-03-13 13:45:42,2026-07-02 13:28:08,0,,76166,tirupur,,2026-07-02 13:28:08,1,0
14620502,0,ACM030BTRNK#85,80.00,ACM030BTRNK#85,1,[],,HTAOAFJ,,,0,Distributor,85,271246,B10,INV000000000058,2024-12-27,JGH_1100,subuser2@stockone.com,2024-12-27,"""{\""city\"":\""KOLLAM\"",\""name\"":\""FAS MARKETING\"",\""state\"":12,\""country\"":\""India\"",\""pincode\"":691583,\""email_id\"":\""fasmarketingklm@gmail.com\"",\""last_name\"":null,\""pan_number\"":null,\""tin_number\"":\""29AAKCM8916G1ZZ\"",\""customer_id\"":5911,\""phone_number\"":9447103428}""",5911,2025-03-13 13:49:06,2026-07-02 13:28:09,0,,76166,tirupur,,2026-07-02 13:28:09,1,0
14620505,0,ACM030BTRNK#85,80.00,ACM030BTRNK#85,1,[],,QTXUDJA,,,0,Distributor,85,271246,B10,INV000000000058,2024-12-27,JGH_1100,subuser2@stockone.com,2024-12-27,"""{\""city\"":\""KOLLAM\"",\""name\"":\""FAS MARKETING\"",\""state\"":12,\""country\"":\""India\"",\""pincode\"":691583,\""email_id\"":\""fasmarketingklm@gmail.com\"",\""last_name\"":null,\""pan_number\"":null,\""tin_number\"":\""29AAKCM8916G1ZZ\"",\""customer_id\"":5911,\""phone_number\"":9447103428}""",5911,2025-03-13 13:49:13,2026-07-02 13:28:09,0,,76166,tirupur,,2026-07-02 13:28:09,1,0
14620508,0,ACM030BTRNK#85,80.00,ACM030BTRNK#85,1,[],,VMBYRFN,,,0,Distributor,85,271246,B10,INV000000000058,2024-12-27,JGH_1100,subuser2@stockone.com,2024-12-27,"""{\""city\"":\""KOLLAM\"",\""name\"":\""FAS MARKETING\"",\""state\"":12,\""country\"":\""India\"",\""pincode\"":691583,\""email_id\"":\""fasmarketingklm@gmail.com\"",\""last_name\"":null,\""pan_number\"":null,\""tin_number\"":\""29AAKCM8916G1ZZ\"",\""customer_id\"":5911,\""phone_number\"":9447103428}""",5911,2025-03-13 13:49:23,2026-07-02 13:31:43,0,,76166,tirupur,,2026-07-02 13:31:43,1,0
14620509,0,ACM030BTRNK#85,80.00,ACM030BTRNK#85,1,[],,OTQHFWL,,,0,Distributor,85,271246,B10,INV000000000058,2024-12-27,JGH_1100,subuser2@stockone.com,2024-12-27,"""{\""city\"":\""KOLLAM\"",\""name\"":\""FAS MARKETING\"",\""state\"":12,\""country\"":\""India\"",\""pincode\"":691583,\""email_id\"":\""fasmarketingklm@gmail.com\"",\""last_name\"":null,\""pan_number\"":null,\""tin_number\"":\""29AAKCM8916G1ZZ\"",\""customer_id\"":5911,\""phone_number\"":9447103428}""",5911,2025-03-13 13:49:27,2026-07-02 13:29:52,0,,76166,tirupur,,2026-07-02 13:29:52,1,0
14620510,0,ACM030BTRNK#85,80.00,ACM030BTRNK#85,1,[],,XQPZZOE,,,0,Distributor,85,271246,B10,INV000000000058,2024-12-27,JGH_1100,subuser2@stockone.com,2024-12-27,"""{\""city\"":\""KOLLAM\"",\""name\"":\""FAS MARKETING\"",\""state\"":12,\""country\"":\""India\"",\""pincode\"":691583,\""email_id\"":\""fasmarketingklm@gmail.com\"",\""last_name\"":null,\""pan_number\"":null,\""tin_number\"":\""29AAKCM8916G1ZZ\"",\""customer_id\"":5911,\""phone_number\"":9447103428}""",5911,2025-03-13 13:49:31,2026-07-02 13:29:51,0,,76166,tirupur,,2026-07-02 13:29:51,1,0
14620512,0,ACM030BTRNK#85,80.00,ACM030BTRNK#85,1,[],,YPUERPT,,,0,Distributor,85,271246,B10,INV000000000058,2024-12-27,JGH_1100,subuser2@stockone.com,2024-12-27,"""{\""city\"":\""KOLLAM\"",\""name\"":\""FAS MARKETING\"",\""state\"":12,\""country\"":\""India\"",\""pincode\"":691583,\""email_id\"":\""fasmarketingklm@gmail.com\"",\""last_name\"":null,\""pan_number\"":null,\""tin_number\"":\""29AAKCM8916G1ZZ\"",\""customer_id\"":5911,\""phone_number\"":9447103428}""",5911,2025-03-13 13:49:37,2026-07-02 13:31:43,0,,76166,tirupur,,2026-07-02 13:31:43,1,0
14620513,0,ACM030BTRNK#85,80.00,ACM030BTRNK#85,1,[],,GOLDLOH,,,0,Distributor,85,271246,B10,INV000000000058,2024-12-27,JGH_1100,subuser2@stockone.com,2024-12-27,"""{\""city\"":\""KOLLAM\"",\""name\"":\""FAS MARKETING\"",\""state\"":12,\""country\"":\""India\"",\""pincode\"":691583,\""email_id\"":\""fasmarketingklm@gmail.com\"",\""last_name\"":null,\""pan_number\"":null,\""tin_number\"":\""29AAKCM8916G1ZZ\"",\""customer_id\"":5911,\""phone_number\"":9447103428}""",5911,2025-03-13 13:49:52,2026-07-02 13:29:51,0,,76166,tirupur,,2026-07-02 13:29:51,1,0
14620514,0,ACM030BTRNK#85,80.00,ACM030BTRNK#85,1,[],,MHCLTQS,,,0,Distributor,85,271246,B10,INV000000000058,2024-12-27,JGH_1100,subuser2@stockone.com,2024-12-27,"""{\""city\"":\""KOLLAM\"",\""name\"":\""FAS MARKETING\"",\""state\"":12,\""country\"":\""India\"",\""pincode\"":691583,\""email_id\"":\""fasmarketingklm@gmail.com\"",\""last_name\"":null,\""pan_number\"":null,\""tin_number\"":\""29AAKCM8916G1ZZ\"",\""customer_id\"":5911,\""phone_number\"":9447103428}""",5911,2025-03-13 13:49:55,2026-07-02 13:28:09,0,,76166,tirupur,,2026-07-02 13:28:09,1,0
14620515,0,ACM030BTRNK#85,80.00,ACM030BTRNK#85,1,[],,IPNVEOS,,,0,Distributor,85,271246,B10,INV000000000058,2024-12-27,JGH_1100,subuser2@stockone.com,2024-12-27,"""{\""city\"":\""KOLLAM\"",\""name\"":\""FAS MARKETING\"",\""state\"":12,\""country\"":\""India\"",\""pincode\"":691583,\""email_id\"":\""fasmarketingklm@gmail.com\"",\""last_name\"":null,\""pan_number\"":null,\""tin_number\"":\""29AAKCM8916G1ZZ\"",\""customer_id\"":5911,\""phone_number\"":9447103428}""",5911,2025-03-13 13:49:59,2026-07-02 13:28:09,0,,76166,tirupur,,2026-07-02 13:28:09,1,0
14620516,0,ACM030BTRNK#85,80.00,ACM030BTRNK#85,1,[],,GXKJSKM,,,0,Distributor,85,271246,B10,INV000000000058,2024-12-27,JGH_1100,subuser2@stockone.com,2024-12-27,"""{\""city\"":\""KOLLAM\"",\""name\"":\""FAS MARKETING\"",\""state\"":12,\""country\"":\""India\"",\""pincode\"":691583,\""email_id\"":\""fasmarketingklm@gmail.com\"",\""last_name\"":null,\""pan_number\"":null,\""tin_number\"":\""29AAKCM8916G1ZZ\"",\""customer_id\"":5911,\""phone_number\"":9447103428}""",5911,2025-03-13 13:50:12,2026-07-02 13:31:43,0,,76166,tirupur,,2026-07-02 13:31:43,1,0
14620521,0,ACM030BTRNK#85,80.00,ACM030BTRNK#85,1,[],,AFBTBES,,,0,Distributor,85,271246,B10,INV000000000058,2024-12-27,JGH_1100,subuser2@stockone.com,2024-12-27,"""{\""city\"":\""KOLLAM\"",\""name\"":\""FAS MARKETING\"",\""state\"":12,\""country\"":\""India\"",\""pincode\"":691583,\""email_id\"":\""fasmarketingklm@gmail.com\"",\""last_name\"":null,\""pan_number\"":null,\""tin_number\"":\""29AAKCM8916G1ZZ\"",\""customer_id\"":5911,\""phone_number\"":9447103428}""",5911,2025-03-13 13:50:25,2026-07-02 13:31:44,0,,76166,tirupur,,2026-07-02 13:31:44,1,0
14620524,0,ACM030BTRNK#85,80.00,ACM030BTRNK#85,1,[],,ZIVBLPE,,,0,Distributor,85,271246,B10,INV000000000058,2024-12-27,JGH_1100,subuser2@stockone.com,2024-12-27,"""{\""city\"":\""KOLLAM\"",\""name\"":\""FAS MARKETING\"",\""state\"":12,\""country\"":\""India\"",\""pincode\"":691583,\""email_id\"":\""fasmarketingklm@gmail.com\"",\""last_name\"":null,\""pan_number\"":null,\""tin_number\"":\""29AAKCM8916G1ZZ\"",\""customer_id\"":5911,\""phone_number\"":9447103428}""",5911,2025-03-13 13:50:33,2026-07-02 13:30:42,0,,76166,tirupur,,2026-07-02 13:30:42,1,0
14620532,0,ACM030BTRNK#85,80.00,ACM030BTRNK#85,1,[],,TNTDLGJ,,,0,Distributor,85,271246,B10,INV000000000058,2024-12-27,JGH_1100,subuser2@stockone.com,2024-12-27,"""{\""city\"":\""KOLLAM\"",\""name\"":\""FAS MARKETING\"",\""state\"":12,\""country\"":\""India\"",\""pincode\"":691583,\""email_id\"":\""fasmarketingklm@gmail.com\"",\""last_name\"":null,\""pan_number\"":null,\""tin_number\"":\""29AAKCM8916G1ZZ\"",\""customer_id\"":5911,\""phone_number\"":9447103428}""",5911,2025-03-13 13:50:45,2026-07-02 13:30:42,0,,76166,tirupur,,2026-07-02 13:30:42,1,0
14620533,0,ACM030BTRNK#85,80.00,ACM030BTRNK#85,1,[],,UWOYBKT,,,0,Distributor,85,271246,B10,INV000000000058,2024-12-27,JGH_1100,subuser2@stockone.com,2024-12-27,"""{\""city\"":\""KOLLAM\"",\""name\"":\""FAS MARKETING\"",\""state\"":12,\""country\"":\""India\"",\""pincode\"":691583,\""email_id\"":\""fasmarketingklm@gmail.com\"",\""last_name\"":null,\""pan_number\"":null,\""tin_number\"":\""29AAKCM8916G1ZZ\"",\""customer_id\"":5911,\""phone_number\"":9447103428}""",5911,2025-03-13 13:50:49,2026-07-02 13:30:42,0,,76166,tirupur,,2026-07-02 13:30:42,1,0
14620587,0,ACM030BTRNK#85,80.00,ACM030BTRNK#85,1,[],,YEZGALZ,,,0,Distributor,85,271246,B10,INV000000000058,2024-12-27,JGH_1100,subuser2@stockone.com,2024-12-27,"""{\""city\"":\""KOLLAM\"",\""name\"":\""FAS MARKETING\"",\""state\"":12,\""country\"":\""India\"",\""pincode\"":691583,\""email_id\"":\""fasmarketingklm@gmail.com\"",\""last_name\"":null,\""pan_number\"":null,\""tin_number\"":\""29AAKCM8916G1ZZ\"",\""customer_id\"":5911,\""phone_number\"":9447103428}""",5911,2025-03-13 13:54:08,2026-07-02 13:30:42,0,,76166,tirupur,,2026-07-02 13:30:42,1,0
14620590,0,ACM030BTRNK#85,80.00,ACM030BTRNK#85,1,[],,ZUJWAOT,,,0,Distributor,85,271246,B10,INV000000000058,2024-12-27,JGH_1100,subuser2@stockone.com,2024-12-27,"""{\""city\"":\""KOLLAM\"",\""name\"":\""FAS MARKETING\"",\""state\"":12,\""country\"":\""India\"",\""pincode\"":691583,\""email_id\"":\""fasmarketingklm@gmail.com\"",\""last_name\"":null,\""pan_number\"":null,\""tin_number\"":\""29AAKCM8916G1ZZ\"",\""customer_id\"":5911,\""phone_number\"":9447103428}""",5911,2025-03-13 13:54:19,2026-07-02 13:30:42,0,,76166,tirupur,,2026-07-02 13:30:42,1,0
14620597,0,ACM030BTRNK#85,80.00,ACM030BTRNK#85,1,[],,FZYIPUA,,,0,Distributor,85,271246,B10,INV000000000058,2024-12-27,JGH_1100,subuser2@stockone.com,2024-12-27,"""{\""city\"":\""KOLLAM\"",\""name\"":\""FAS MARKETING\"",\""state\"":12,\""country\"":\""India\"",\""pincode\"":691583,\""email_id\"":\""fasmarketingklm@gmail.com\"",\""last_name\"":null,\""pan_number\"":null,\""tin_number\"":\""29AAKCM8916G1ZZ\"",\""customer_id\"":5911,\""phone_number\"":9447103428}""",5911,2025-03-13 13:54:53,2026-07-02 13:29:51,0,,76166,tirupur,,2026-07-02 13:29:51,1,0
14622020,0,AMC061BBRIF1AST#95,109.09,MCH SMART CUT BRIEF AST (1/10),1,[],,HMYSXXV,,,0,Distributors,6141100202,281358,B10,INV-00000115061,2025-03-13,JGH_1100,anand,2025-03-12,"""{\""city\"":\""CALICUT\"",\""name\"":\""NEW FASHION SOUK\"",\""state\"":null,\""country\"":null,\""pincode\"":\""0\"",\""email_id\"":null,\""last_name\"":null,\""pan_number\"":null,\""tin_number\"":null,\""customer_id\"":139,\""phone_number\"":null}""",5903,2025-03-13 15:27:36,2026-07-01 13:07:27,1,,77808,tirupur,,2026-07-01 13:07:27,1,0
14635579,0,ACM222SSLPS-AST#45,80.00,ACM222SSLPS-AST#45,1,[],,QTQNNGU,,,0,Distributor,45,272410,B10,INV000000000058,2024-12-27,JGH_1100,subuser2@stockone.com,2024-12-27,"""{\""city\"":\""KASARAGOD\"",\""name\"":\""AZIM MARKETING\"",\""state\"":12,\""country\"":\""India\"",\""pincode\"":671318,\""email_id\"":\""ayanjem@rediffmail.com\"",\""last_name\"":null,\""pan_number\"":null,\""tin_number\"":\""29AAKCM8916G1ZZ\"",\""customer_id\"":5901,\""phone_number\"":9946465646}""",5901,2025-03-14 16:46:23,2026-07-04 15:37:37,0,,74115,tirupur,,2026-07-04 15:37:37,1,0
14655818,0,ACM217BSHRTS-BOY#90,85.60,AMUL COMFY BOY SHORTS,1,[],,JEAZWHQ,,,0,Distributors,6141102107,272313,B10,INV-00000117551,2025-03-16,JGH_1100,balajig,2025-03-15,"""{\""city\"":\""ULHASNAGAR\"",\""name\"":\""SUNNY TRADERS\"",\""state\"":null,\""country\"":null,\""pincode\"":\""0\"",\""email_id\"":null,\""last_name\"":null,\""pan_number\"":null,\""tin_number\"":null,\""customer_id\"":281,\""phone_number\"":null}""",6005,2025-03-16 12:35:48,2026-07-03 15:44:14,1,,53041,tirupur,,2026-07-03 15:44:14,1,0
14655819,0,ACM217BSHRTS-BOY#90,85.60,AMUL COMFY BOY SHORTS,1,[],,MXEAGSH,,,0,Distributors,6141102107,272313,B10,INV-00000117551,2025-03-16,JGH_1100,balajig,2025-03-15,"""{\""city\"":\""ULHASNAGAR\"",\""name\"":\""SUNNY TRADERS\"",\""state\"":null,\""country\"":null,\""pincode\"":\""0\"",\""email_id\"":null,\""last_name\"":null,\""pan_number\"":null,\""tin_number\"":null,\""customer_id\"":281,\""phone_number\"":null}""",6005,2025-03-16 12:35:48,2026-07-03 15:44:14,1,,53041,tirupur,,2026-07-03 15:44:14,1,0
14660862,0,ACM001BRN2PC#90,0.00,AMUL COMFY VEST B RN WHITE TWIN PACK,1,[],,HEYOTTM,,,0,Distributors,6141102109,270082,B10,INV-00000117756,2025-03-16,JGH_1100,balu,2025-03-15,"""{\""city\"":\""ULHASNAGAR\"",\""name\"":\""SUNNY TRADERS\"",\""state\"":null,\""country\"":null,\""pincode\"":\""0\"",\""email_id\"":null,\""last_name\"":null,\""pan_number\"":null,\""tin_number\"":null,\""customer_id\"":281,\""phone_number\"":null}""",6005,2025-03-16 16:47:34,2026-07-01 20:59:33,1,,56441,tirupur,,2026-07-01 20:59:33,1,0
14661227,0,ASP032BMEL#L,0.00,SPORTO 222 G.MELANGE,1,[],,LXHIBHC,,,0,Distributors,6141058264,286224,B5,INV-00000117773,2025-03-16,JGH_1100,balu,2025-01-16,"""{\""city\"":\""SONIPAT\"",\""name\"":\""SHREE SHYAM GARMENTS\"",\""state\"":null,\""country\"":null,\""pincode\"":\""0\"",\""email_id\"":null,\""last_name\"":null,\""pan_number\"":null,\""tin_number\"":null,\""customer_id\"":341,\""phone_number\"":null}""",6299,2025-03-16 16:48:26,2026-07-03 14:22:16,1,,64809,tirupur,,2026-07-03 14:22:16,1,0
14661275,0,ASP032BMEL#M,0.00,SPORTO 222 G.MELANGE,1,[],,IDCCGWV,,,0,Distributors,6141058262,286225,B5,INV-00000117771,2025-03-16,JGH_1100,balu,2025-01-16,"""{\""city\"":\""SONIPAT\"",\""name\"":\""SHREE SHYAM GARMENTS\"",\""state\"":null,\""country\"":null,\""pincode\"":\""0\"",\""email_id\"":null,\""last_name\"":null,\""pan_number\"":null,\""tin_number\"":null,\""customer_id\"":341,\""phone_number\"":null}""",6299,2025-03-16 16:48:27,2026-07-03 14:22:15,1,,64809,tirupur,,2026-07-03 14:22:15,1,0
14661305,0,ASP032BMEL#XXL,0.00,SPORTO 222 G.MELANGE,1,[],,NELTJEE,,,0,Distributors,6141058264,286229,B5,INV-00000117773,2025-03-16,JGH_1100,balu,2025-01-16,"""{\""city\"":\""SONIPAT\"",\""name\"":\""SHREE SHYAM GARMENTS\"",\""state\"":null,\""country\"":null,\""pincode\"":\""0\"",\""email_id\"":null,\""last_name\"":null,\""pan_number\"":null,\""tin_number\"":null,\""customer_id\"":341,\""phone_number\"":null}""",6299,2025-03-16 16:48:27,2026-07-03 14:22:16,1,,64809,tirupur,,2026-07-03 14:22:16,1,0
14661313,0,ASP032BMEL#XL,0.00,SPORTO 222 G.MELANGE,1,[],,DDMOHNT,,,0,Distributors,6141058263,286227,B5,INV-00000117772,2025-03-16,JGH_1100,balu,2025-01-16,"""{\""city\"":\""SONIPAT\"",\""name\"":\""SHREE SHYAM GARMENTS\"",\""state\"":null,\""country\"":null,\""pincode\"":\""0\"",\""email_id\"":null,\""last_name\"":null,\""pan_number\"":null,\""tin_number\"":null,\""customer_id\"":341,\""phone_number\"":null}""",6299,2025-03-16 16:48:27,2026-07-03 14:22:15,1,,64809,tirupur,,2026-07-03 14:22:15,1,0
14666079,0,ACM205BBLMR#85,80.00,ACM205BBLMR#85,1,[],,UAAPPCA,,,0,Distributor,85,272074,B10,INV000000000058,2024-12-27,JGH_1100,subuser2@stockone.com,2024-12-27,"""{\""city\"":\""ROHA\"",\""name\"":\""VISHNU HOSIERY\"",\""state\"":14,\""country\"":\""India\"",\""pincode\"":421209,\""email_id\"":\""shivratanpareek38@gmail.com\"",\""last_name\"":null,\""pan_number\"":null,\""tin_number\"":\""29AAKCM8916G1ZZ\"",\""customer_id\"":6065,\""phone_number\"":9820283705}""",6065,2025-03-17 14:11:37,2026-07-01 17:21:05,0,,77742,tirupur,,2026-07-01 17:21:05,1,0
14666698,0,ACM001BRN2PC#80,0.00,AMUL COMFY VEST B RN WHITE TWIN PACK,1,[],,PPCXSOP,,,0,Distributors,6141103214,270080,B10,INV-00000118142,2025-03-17,JGH_1100,balu,2025-03-16,"""{\""city\"":\""SAMANA MANDI\"",\""name\"":\""APNA HOUSE\"",\""state\"":null,\""country\"":null,\""pincode\"":\""0\"",\""email_id\"":null,\""last_name\"":null,\""pan_number\"":null,\""tin_number\"":null,\""customer_id\"":315,\""phone_number\"":null}""",6179,2025-03-17 14:21:07,2026-07-02 18:09:20,1,,55436,tirupur,,2026-07-02 18:09:20,1,0
14671092,0,ACM033BBRIF1AST#90,103.97,AMUL COMFY COLOUR B O.E BRIEF (1 PC),1,[],,IWEGWCX,,,0,Distributors,6141102467,271359,B10,INV-00000118511,2025-03-17,JGH_1100,anand,2025-03-15,"""{\""city\"":\""GUNTUR\"",\""name\"":\""SRI LAKSHMI GAYATHRI AGENCIES\"",\""state\"":null,\""country\"":null,\""pincode\"":\""0\"",\""email_id\"":null,\""last_name\"":null,\""pan_number\"":null,\""tin_number\"":null,\""customer_id\"":644,\""phone_number\"":null}""",5943,2025-03-17 16:04:23,2026-07-01 12:18:37,1,,49425,tirupur,,2026-07-01 12:18:37,1,0
14671386,0,AMC002BRNBSZP#100,0.00,MACHO ELITE VEST WHT. RNBS (1/10) ZP,1,[],,LUDBBGM,,,0,Distributors,6141103118,279870,B10,INV-00000118517,2025-03-17,JGH_1100,balu,2025-03-16,"""{\""city\"":\""CALICUT\"",\""name\"":\""NEW FASHION SOUK\"",\""state\"":null,\""country\"":null,\""pincode\"":\""0\"",\""email_id\"":null,\""last_name\"":null,\""pan_number\"":null,\""tin_number\"":null,\""customer_id\"":139,\""phone_number\"":null}""",5903,2025-03-17 16:05:39,2026-07-01 12:55:17,1,,77808,tirupur,,2026-07-01 12:55:17,1,0
14671389,0,AMC002BRNBSZP#100,0.00,MACHO ELITE VEST WHT. RNBS (1/10) ZP,1,[],,MGKWIDV,,,0,Distributors,6141103118,279870,B10,INV-00000118517,2025-03-17,JGH_1100,balu,2025-03-16,"""{\""city\"":\""CALICUT\"",\""name\"":\""NEW FASHION SOUK\"",\""state\"":null,\""country\"":null,\""pincode\"":\""0\"",\""email_id\"":null,\""last_name\"":null,\""pan_number\"":null,\""tin_number\"":null,\""customer_id\"":139,\""phone_number\"":null}""",5903,2025-03-17 16:05:39,2026-07-01 13:18:54,1,,77808,tirupur,,2026-07-01 13:18:54,1,0
14671528,0,ACM002BRNS#85,65.94,AMUL COMFY VEST TK B RNS WHITE BLUE TONE,1,[],,ZFDAGYX,,,0,Distributors,6141103107,270354,B10,INV-00000118520,2025-03-17,JGH_1100,balu,2025-03-16,"""{\""city\"":\""CALICUT\"",\""name\"":\""NEW FASHION SOUK\"",\""state\"":null,\""country\"":null,\""pincode\"":\""0\"",\""email_id\"":null,\""last_name\"":null,\""pan_number\"":null,\""tin_number\"":null,\""customer_id\"":139,\""phone_number\"":null}""",5903,2025-03-17 16:06:05,2026-07-01 13:08:04,1,,77808,tirupur,,2026-07-01 13:08:04,1,0
14671537,0,ACM002BRNS#85,65.94,AMUL COMFY VEST TK B RNS WHITE BLUE TONE,1,[],,BHDSQTA,,,0,Distributors,6141103107,270354,B10,INV-00000118520,2025-03-17,JGH_1100,balu,2025-03-16,"""{\""city\"":\""CALICUT\"",\""name\"":\""NEW FASHION SOUK\"",\""state\"":null,\""country\"":null,\""pincode\"":\""0\"",\""email_id\"":null,\""last_name\"":null,\""pan_number\"":null,\""tin_number\"":null,\""customer_id\"":139,\""phone_number\"":null}""",5903,2025-03-17 16:06:05,2026-07-01 12:59:38,1,,77808,tirupur,,2026-07-01 12:59:38,1,0
14671538,0,ACM002BRNS#85,65.94,AMUL COMFY VEST TK B RNS WHITE BLUE TONE,1,[],,WIYJWVG,,,0,Distributors,6141103107,270354,B10,INV-00000118520,2025-03-17,JGH_1100,balu,2025-03-16,"""{\""city\"":\""CALICUT\"",\""name\"":\""NEW FASHION SOUK\"",\""state\"":null,\""country\"":null,\""pincode\"":\""0\"",\""email_id\"":null,\""last_name\"":null,\""pan_number\"":null,\""tin_number\"":null,\""customer_id\"":139,\""phone_number\"":null}""",5903,2025-03-17 16:06:05,2026-07-01 13:11:29,1,,77808,tirupur,,2026-07-01 13:11:29,1,0
14671549,0,ACM002BRNS#80,65.94,AMUL COMFY VEST TK B RNS WHITE BLUE TONE,1,[],,XVDNBDR,,,0,Distributors,6141103107,270353,B10,INV-00000118520,2025-03-17,JGH_1100,balu,2025-03-16,"""{\""city\"":\""CALICUT\"",\""name\"":\""NEW FASHION SOUK\"",\""state\"":null,\""country\"":null,\""pincode\"":\""0\"",\""email_id\"":null,\""last_name\"":null,\""pan_number\"":null,\""tin_number\"":null,\""customer_id\"":139,\""phone_number\"":null}""",5903,2025-03-17 16:06:06,2026-07-01 13:22:38,1,,77808,tirupur,,2026-07-01 13:22:38,1,0
14671553,0,ACM002BRNS#80,65.94,AMUL COMFY VEST TK B RNS WHITE BLUE TONE,1,[],,FSLWCFK,,,0,Distributors,6141103107,270353,B10,INV-00000118520,2025-03-17,JGH_1100,balu,2025-03-16,"""{\""city\"":\""CALICUT\"",\""name\"":\""NEW FASHION SOUK\"",\""state\"":null,\""country\"":null,\""pincode\"":\""0\"",\""email_id\"":null,\""last_name\"":null,\""pan_number\"":null,\""tin_number\"":null,\""customer_id\"":139,\""phone_number\"":null}""",5903,2025-03-17 16:06:06,2026-07-01 13:26:34,1,,77808,tirupur,,2026-07-01 13:26:34,1,0
14671556,0,ACM002BRNS#80,65.94,AMUL COMFY VEST TK B RNS WHITE BLUE TONE,1,[],,SAXUNVR,,,0,Distributors,6141103107,270353,B10,INV-00000118520,2025-03-17,JGH_1100,balu,2025-03-16,"""{\""city\"":\""CALICUT\"",\""name\"":\""NEW FASHION SOUK\"",\""state\"":null,\""country\"":null,\""pincode\"":\""0\"",\""email_id\"":null,\""last_name\"":null,\""pan_number\"":null,\""tin_number\"":null,\""customer_id\"":139,\""phone_number\"":null}""",5903,2025-03-17 16:06:06,2026-07-01 13:26:34,1,,77808,tirupur,,2026-07-01 13:26:34,1,0
14671772,0,ACM002BRN#80,65.94,AMUL COMFY VEST TK B RN WHITE BLUE TONE,1,[],,GEFKVLK,,,0,Distributors,6141103104,270331,B10,INV-00000118524,2025-03-17,JGH_1100,balu,2025-03-16,"""{\""city\"":\""CALICUT\"",\""name\"":\""NEW FASHION SOUK\"",\""state\"":null,\""country\"":null,\""pincode\"":\""0\"",\""email_id\"":null,\""last_name\"":null,\""pan_number\"":null,\""tin_number\"":null,\""customer_id\"":139,\""phone_number\"":null}""",5903,2025-03-17 16:06:47,2026-07-01 13:08:04,1,,77808,tirupur,,2026-07-01 13:08:04,1,0
14674809,0,APR001BPNTS1AST#80,74.81,AMUL PRIYA PLAIN PANTY (1 PC PACK),1,[],,UPTWNZS,,,0,Distributors,6141103055,284549,B10,INV-00000118701,2025-03-17,JGH_1100,madesh,2025-03-16,"""{\""city\"":\""KALOOR\"",\""name\"":\""MAXFIT ENTERPRISES PVT LTD\"",\""state\"":null,\""country\"":null,\""pincode\"":\""0\"",\""email_id\"":null,\""last_name\"":null,\""pan_number\"":null,\""tin_number\"":null,\""customer_id\"":142,\""phone_number\"":null}""",5907,2025-03-17 17:17:46,2026-07-03 10:49:46,1,,66319,tirupur,,2026-07-03 10:49:46,1,0
14681688,0,AMC002BRNZP#100,55.42,MACHO ELITE VEST WHT RN (1/10) ZP,1,[],,UHFSQJC,,,0,Distributors,6141103687,279903,B10,INV-00000118982,2025-03-18,JGH_1100,balu,2025-03-17,"""{\""city\"":\""KOLLAM\"",\""name\"":\""FAS MARKETING\"",\""state\"":null,\""country\"":null,\""pincode\"":\""0\"",\""email_id\"":null,\""last_name\"":null,\""pan_number\"":null,\""tin_number\"":null,\""customer_id\"":322,\""phone_number\"":null}""",5911,2025-03-18 11:34:42,2026-07-03 20:42:11,1,,64062,tirupur,,2026-07-03 20:42:11,1,0
14698448,,AMC061BBRIF2AST#95,,MCH SMART CUT BRIEF AST (2/10),0,,,B8qM-19,,,0,Distributor,,281402,B10,2015406445,2025-03-18,,,2025-03-18,,6090,2025-03-18 15:30:25,2026-07-03 13:32:36,1,,67933,kolkata,,2026-07-03 13:32:36,1,0
14698484,,AMC061BBRIF2AST#95,,MCH SMART CUT BRIEF AST (2/10),0,,,KI4G-27,,,0,Distributor,,281402,B10,2015406445,2025-03-18,,,2025-03-18,,6090,2025-03-18 15:30:26,2026-07-03 13:43:28,1,,52809,kolkata,,2026-07-03 13:43:28,1,0
14704196,0,ASP032BBLK#S,0.00,SPORTO 222 BLACK,1,[],,COERMPX,,,0,Distributors,6141103872,286216,B5,INV-00000119531,2025-03-18,JGH_1100,santhosh,2025-03-17,"""{\""city\"":\""BANGALORE\"",\""name\"":\""RATHOD MARKETING\"",\""state\"":null,\""country\"":null,\""pincode\"":\""0\"",\""email_id\"":null,\""last_name\"":null,\""pan_number\"":null,\""tin_number\"":null,\""customer_id\"":148,\""phone_number\"":null}""",5887,2025-03-18 19:36:20,2026-07-01 13:24:59,1,,49529,tirupur,,2026-07-01 13:24:59,1,0
14705434,0,ACM006BRNS2P#100,64.82,AMUL COMFY VEST B RNS COLOUR TWIN PACK,1,[],,MSAXFTY,,,0,Distributors,6141103949,270510,B10,INV-00000119557,2025-03-19,JGH_1100,kavithar,2025-03-18,"""{\""city\"":\""KAPURTHALA\"",\""name\"":\""GUPTA ENTERPRISES\"",\""state\"":null,\""country\"":null,\""pincode\"":\""0\"",\""email_id\"":null,\""last_name\"":null,\""pan_number\"":null,\""tin_number\"":null,\""customer_id\"":425,\""phone_number\"":null}""",6164,2025-03-19 10:40:49,2026-07-04 18:01:38,1,,68028,tirupur,,2026-07-04 18:01:38,1,0
14705507,0,ACM006BRNS2P#95,64.82,AMUL COMFY VEST B RNS COLOUR TWIN PACK,1,[],,QTBYSEI,,,0,Distributors,6141103946,270519,B10,INV-00000119561,2025-03-19,JGH_1100,kavithar,2025-03-18,"""{\""city\"":\""KAPURTHALA\"",\""name\"":\""GUPTA ENTERPRISES\"",\""state\"":null,\""country\"":null,\""pincode\"":\""0\"",\""email_id\"":null,\""last_name\"":null,\""pan_number\"":null,\""tin_number\"":null,\""customer_id\"":425,\""phone_number\"":null}""",6164,2025-03-19 10:41:17,2026-07-04 18:01:38,1,,68028,tirupur,,2026-07-04 18:01:38,1,0
14730044,0,AMC053BBRIF1AST#100,106.90,MCH SMT CT BRIEF AST (INNER)(1/10),1,[],,CRDSMOX,,,0,Distributors,6141104374,280961,B10,INV-00000120224,2025-03-19,JGH_1100,siva,2025-03-18,"""{\""city\"":\""CALICUT\"",\""name\"":\""NEW FASHION SOUK\"",\""state\"":null,\""country\"":null,\""pincode\"":\""0\"",\""email_id\"":null,\""last_name\"":null,\""pan_number\"":null,\""tin_number\"":null,\""customer_id\"":139,\""phone_number\"":null}""",5903,2025-03-19 16:43:25,2026-07-01 11:29:58,1,,77802,tirupur,,2026-07-01 11:29:58,1,0
14730240,0,ACM002BRN#90,61.89,AMUL COMFY VEST TK B RN WHITE BLUE TONE,1,[],,RKAGNVR,,,0,Distributors,6141104355,270333,B10,INV-00000120228,2025-03-19,JGH_1100,kavithar,2025-03-18,"""{\""city\"":\""CALICUT\"",\""name\"":\""NEW FASHION SOUK\"",\""state\"":null,\""country\"":null,\""pincode\"":\""0\"",\""email_id\"":null,\""last_name\"":null,\""pan_number\"":null,\""tin_number\"":null,\""customer_id\"":139,\""phone_number\"":null}""",5903,2025-03-19 16:46:19,2026-07-01 12:59:38,1,,77808,tirupur,,2026-07-01 12:59:38,1,0
14732618,0,ACM001SRN#60,59.88,AMUL COMFY VEST S RN WHITE,1,[],,BATCTBQ,,,0,Distributors,6141103989,270284,B10,INV-00000120314,2025-03-19,JGH_1100,kavithar,2025-03-18,"""{\""city\"":\""HOSPET\"",\""name\"":\""MANJUNATH HOSIERY\"",\""state\"":null,\""country\"":null,\""pincode\"":\""0\"",\""email_id\"":null,\""last_name\"":null,\""pan_number\"":null,\""tin_number\"":null,\""customer_id\"":370,\""phone_number\"":null}""",5877,2025-03-19 17:18:43,2026-07-04 13:29:28,1,,77874,tirupur,,2026-07-04 13:29:28,1,0
14732624,0,ACM001SRN#60,59.88,AMUL COMFY VEST S RN WHITE,1,[],,YOXMGDX,,,0,Distributors,6141103989,270284,B10,INV-00000120314,2025-03-19,JGH_1100,kavithar,2025-03-18,"""{\""city\"":\""HOSPET\"",\""name\"":\""MANJUNATH HOSIERY\"",\""state\"":null,\""country\"":null,\""pincode\"":\""0\"",\""email_id\"":null,\""last_name\"":null,\""pan_number\"":null,\""tin_number\"":null,\""customer_id\"":370,\""phone_number\"":null}""",5877,2025-03-19 17:18:44,2026-07-04 13:29:28,1,,77874,tirupur,,2026-07-04 13:29:28,1,0
14735431,0,ACM001BRNS2P#85,0.00,AMUL COMFY VEST B RNS WHITE TWIN PACK,1,[],,YLSFGJA,,,0,Distributors,6141103984,270246,B10,INV-00000120533,2025-03-19,JGH_1100,balu,2025-03-18,"""{\""city\"":\""HOSPET\"",\""name\"":\""MANJUNATH HOSIERY\"",\""state\"":null,\""country\"":null,\""pincode\"":\""0\"",\""email_id\"":null,\""last_name\"":null,\""pan_number\"":null,\""tin_number\"":null,\""customer_id\"":370,\""phone_number\"":null}""",5877,2025-03-19 18:03:45,2026-07-04 13:28:17,1,,77874,tirupur,,2026-07-04 13:28:17,1,0
14741902,0,AMC021BRN2PCZP#85,70.58,MACHO PARKA VEST WHT. RN TWIN (2/10) ZP,1,[],,HNBNHRZ,,,0,Distributors,6141105932,280610,B10,INV-00000120756,2025-03-20,JGH_1100,balajig,2025-03-19,"""{\""city\"":\""PONTA SAHIB\"",\""name\"":\""CHOUDHARY TRADERS\"",\""state\"":null,\""country\"":null,\""pincode\"":\""0\"",\""email_id\"":null,\""last_name\"":null,\""pan_number\"":null,\""tin_number\"":null,\""customer_id\"":359,\""phone_number\"":null}""",6121,2025-03-20 12:17:26,2026-07-04 20:16:23,1,,49076,tirupur,,2026-07-04 20:16:23,1,0
14741907,0,AMC021BRN2PCZP#85,70.58,MACHO PARKA VEST WHT. RN TWIN (2/10) ZP,1,[],,CGOOYZE,,,0,Distributors,6141105932,280610,B10,INV-00000120756,2025-03-20,JGH_1100,balajig,2025-03-19,"""{\""city\"":\""PONTA SAHIB\"",\""name\"":\""CHOUDHARY TRADERS\"",\""state\"":null,\""country\"":null,\""pincode\"":\""0\"",\""email_id\"":null,\""last_name\"":null,\""pan_number\"":null,\""tin_number\"":null,\""customer_id\"":359,\""phone_number\"":null}""",6121,2025-03-20 12:17:26,2026-07-04 18:15:41,1,,55814,tirupur,,2026-07-04 18:15:41,1,0
14741908,0,AMC021BRN2PCZP#85,70.58,MACHO PARKA VEST WHT. RN TWIN (2/10) ZP,1,[],,OUQMOIQ,,,0,Distributors,6141105932,280610,B10,INV-00000120756,2025-03-20,JGH_1100,balajig,2025-03-19,"""{\""city\"":\""PONTA SAHIB\"",\""name\"":\""CHOUDHARY TRADERS\"",\""state\"":null,\""country\"":null,\""pincode\"":\""0\"",\""email_id\"":null,\""last_name\"":null,\""pan_number\"":null,\""tin_number\"":null,\""customer_id\"":359,\""phone_number\"":null}""",6121,2025-03-20 12:17:26,2026-07-04 18:15:40,1,,55814,tirupur,,2026-07-04 18:15:40,1,0
14741932,0,AMC021BRN2PCZP#85,70.58,MACHO PARKA VEST WHT. RN TWIN (2/10) ZP,1,[],,ABEQARD,,,0,Distributors,6141105933,280610,B10,INV-00000120757,2025-03-20,JGH_1100,balajig,2025-03-19,"""{\""city\"":\""PONTA SAHIB\"",\""name\"":\""CHOUDHARY TRADERS\"",\""state\"":null,\""country\"":null,\""pincode\"":\""0\"",\""email_id\"":null,\""last_name\"":null,\""pan_number\"":null,\""tin_number\"":null,\""customer_id\"":359,\""phone_number\"":null}""",6121,2025-03-20 12:17:42,2026-07-04 18:15:41,1,,55814,tirupur,,2026-07-04 18:15:41,1,0
14742742,0,ACM001BRNS2P#100,0.00,AMUL COMFY VEST B RNS WHITE TWIN PACK,1,[],,AZDTBQG,,,0,Distributors,6141105629,270239,B10,INV-00000120840,2025-03-20,JGH_1100,kavithar,2025-03-19,"""{\""city\"":\""NURPUR\"",\""name\"":\""VIJAY KUMAR & SONS\"",\""state\"":null,\""country\"":null,\""pincode\"":\""0\"",\""email_id\"":null,\""last_name\"":null,\""pan_number\"":null,\""tin_number\"":null,\""customer_id\"":357,\""phone_number\"":null}""",6120,2025-03-20 12:45:08,2026-07-04 12:38:49,1,,73108,tirupur,,2026-07-04 12:38:49,1,0
14742993,0,ACM001BRN2PC#85,0.00,AMUL COMFY VEST B RN WHITE TWIN PACK,1,[],,UAQPPUD,,,0,Distributors,6141105618,270081,B10,INV-00000120856,2025-03-20,JGH_1100,kavithar,2025-03-19,"""{\""city\"":\""NURPUR\"",\""name\"":\""VIJAY KUMAR & SONS\"",\""state\"":null,\""country\"":null,\""pincode\"":\""0\"",\""email_id\"":null,\""last_name\"":null,\""pan_number\"":null,\""tin_number\"":null,\""customer_id\"":357,\""phone_number\"":null}""",6120,2025-03-20 12:49:16,2026-07-02 14:40:34,1,,75651,tirupur,,2026-07-02 14:40:34,1,0
14742994,0,ACM001BRN2PC#85,0.00,AMUL COMFY VEST B RN WHITE TWIN PACK,1,[],,SOTDISX,,,0,Distributors,6141105618,270081,B10,INV-00000120856,2025-03-20,JGH_1100,kavithar,2025-03-19,"""{\""city\"":\""NURPUR\"",\""name\"":\""VIJAY KUMAR & SONS\"",\""state\"":null,\""country\"":null,\""pincode\"":\""0\"",\""email_id\"":null,\""last_name\"":null,\""pan_number\"":null,\""tin_number\"":null,\""customer_id\"":357,\""phone_number\"":null}""",6120,2025-03-20 12:49:16,2026-07-02 14:40:34,1,,75651,tirupur,,2026-07-02 14:40:34,1,0
14744885,0,ACM001BRN2PC#85,0.00,AMUL COMFY VEST B RN WHITE TWIN PACK,1,[],,VFAUICU,,,0,Distributors,6141105479,270081,B10,INV-00000120930,2025-03-20,JGH_1100,kavithar,2025-03-19,"""{\""city\"":\""JIND\"",\""name\"":\""TINKU AGENCIES\"",\""state\"":null,\""country\"":null,\""pincode\"":\""0\"",\""email_id\"":null,\""last_name\"":null,\""pan_number\"":null,\""tin_number\"":null,\""customer_id\"":429,\""phone_number\"":null}""",6093,2025-03-20 13:04:25,2026-07-04 10:30:58,1,,51920,tirupur,,2026-07-04 10:30:58,1,0
14745078,0,ACM001BRN2PC#95,60.82,AMUL COMFY VEST B RN WHITE TWIN PACK,1,[],,KJQNDKV,,,0,Distributors,6141105486,270083,B10,INV-00000120937,2025-03-20,JGH_1100,kavithar,2025-03-19,"""{\""city\"":\""JIND\"",\""name\"":\""TINKU AGENCIES\"",\""state\"":null,\""country\"":null,\""pincode\"":\""0\"",\""email_id\"":null,\""last_name\"":null,\""pan_number\"":null,\""tin_number\"":null,\""customer_id\"":429,\""phone_number\"":null}""",6093,2025-03-20 13:05:10,2026-07-04 19:25:02,1,,60624,tirupur,,2026-07-04 19:25:02,1,0
14748156,0,APR001BPNTS0AST#90,71.83,AMUL PRIYA PLAIN B PANTY,1,[],,LBFUUDB,,,0,Distributors,6141105505,284540,B10,INV-00000120985,2025-03-20,JGH_1100,madesh,2025-03-19,"""{\""city\"":\""JIND\"",\""name\"":\""TINKU AGENCIES\"",\""state\"":null,\""country\"":null,\""pincode\"":\""0\"",\""email_id\"":null,\""last_name\"":null,\""pan_number\"":null,\""tin_number\"":null,\""customer_id\"":429,\""phone_number\"":null}""",6093,2025-03-20 14:29:29,2026-07-02 16:47:47,1,,51920,tirupur,,2026-07-02 16:47:47,1,0
14748426,0,AMC001BRNS2PCZP#90,55.42,MACHO FINE VEST WHITE B RNS TWIN(2/10)ZP,1,[],,RKBCLHH,,,0,Distributors,6141105437,279759,B10,INV-00000120991,2025-03-20,JGH_1100,kavithar,2025-03-19,"""{\""city\"":\""AMBALA CANTT\"",\""name\"":\""GNG ENTERPRISES\"",\""state\"":null,\""country\"":null,\""pincode\"":\""0\"",\""email_id\"":null,\""last_name\"":null,\""pan_number\"":null,\""tin_number\"":null,\""customer_id\"":336,\""phone_number\"":null}""",6083,2025-03-20 14:39:27,2026-07-01 12:45:06,1,,76137,tirupur,,2026-07-01 12:45:06,1,0
14748436,0,AMC001BRNS2PCZP#100,55.42,MACHO FINE VEST WHITE B RNS TWIN(2/10)ZP,1,[],,UCAIZWS,,,0,Distributors,6141105437,279751,B10,INV-00000120991,2025-03-20,JGH_1100,kavithar,2025-03-19,"""{\""city\"":\""AMBALA CANTT\"",\""name\"":\""GNG ENTERPRISES\"",\""state\"":null,\""country\"":null,\""pincode\"":\""0\"",\""email_id\"":null,\""last_name\"":null,\""pan_number\"":null,\""tin_number\"":null,\""customer_id\"":336,\""phone_number\"":null}""",6083,2025-03-20 14:39:28,2026-07-01 12:44:02,1,,76137,tirupur,,2026-07-01 12:44:02,1,0
14748520,0,AMC001BRN2PCZP#90,69.24,MACHO FINE VEST WHITE B RN TWIN (2/10)ZP,1,[],,WHDJCKF,,,0,Distributors,6141105391,279704,B10,INV-00000120994,2025-03-20,JGH_1100,kavithar,2025-03-19,"""{\""city\"":\""JIND\"",\""name\"":\""TINKU AGENCIES\"",\""state\"":null,\""country\"":null,\""pincode\"":\""0\"",\""email_id\"":null,\""last_name\"":null,\""pan_number\"":null,\""tin_number\"":null,\""customer_id\"":429,\""phone_number\"":null}""",6093,2025-03-20 14:40:13,2026-07-02 17:04:00,1,,51920,tirupur,,2026-07-02 17:04:00,1,0
14752833,0,ASP032BAST#XXL,100.89,SPORTO 222 ASST.,1,[],,NESCSZC,,,0,Distributors,6141105075,286209,B5,INV-00000121180,2025-03-20,JGH_1100,kavithar,2025-03-19,"""{\""city\"":\""INDORE\"",\""name\"":\""J.G HOSIERY PVT LTD\"",\""state\"":null,\""country\"":null,\""pincode\"":\""0\"",\""email_id\"":null,\""last_name\"":null,\""pan_number\"":null,\""tin_number\"":null,\""customer_id\"":661,\""phone_number\"":null}""",5962,2025-03-20 15:13:57,2026-07-02 12:34:32,1,,52663,tirupur,,2026-07-02 12:34:32,1,0
14753400,0,ASP031BAST10PC#L,322.60,SPORTO 111 ASST.10PC,1,[],,CLRFBLP,,,0,Distributors,6141105576,285921,B10,INV-00000121209,2025-03-20,JGH_1100,kavithar,2025-03-19,"""{\""city\"":\""BANGALORE\"",\""name\"":\""GAYATHRI DISTRIBUTORS\"",\""state\"":null,\""country\"":null,\""pincode\"":\""0\"",\""email_id\"":null,\""last_name\"":null,\""pan_number\"":null,\""tin_number\"":null,\""customer_id\"":368,\""phone_number\"":null}""",5878,2025-03-20 15:21:34,2026-07-01 15:40:24,1,,77692,tirupur,,2026-07-01 15:40:24,1,0
14760924,0,ACM006BRNS2P#85,80.00,ACM006BRNS2P#85,1,[],,MTNRUII,,,0,Distributor,85,270517,B10,INV000000000058,2024-12-27,JGH_1100,subuser2@stockone.com,2024-12-27,"""{\""city\"":\""CHIMUR\"",\""name\"":\""SHRIHARI HOSIERY & READYMADE CENTRE\"",\""state\"":14,\""country\"":\""India\"",\""pincode\"":442903,\""email_id\"":\""shrihari.readymadecenter@gmail.com\"",\""last_name\"":\""\"",\""pan_number\"":\""\"",\""tin_number\"":\""29AAKCM8916G1ZZ\"",\""customer_id\"":5995,\""phone_number\"":9049029092}""",5995,2025-03-20 15:30:55,2026-07-01 23:35:15,0,,55442,tirupur,,2026-07-01 23:35:15,1,0
14761176,0,AMC001BRN2PCZP#85,69.24,MACHO FINE VEST WHITE B RN TWIN (2/10)ZP,1,[],,UNMGBBZ,,,0,Distributors,6141105497,279703,B10,INV-00000121257,2025-03-20,JGH_1100,kavithar,2025-03-19,"""{\""city\"":\""JIND\"",\""name\"":\""TINKU AGENCIES\"",\""state\"":null,\""country\"":null,\""pincode\"":\""0\"",\""email_id\"":null,\""last_name\"":null,\""pan_number\"":null,\""tin_number\"":null,\""customer_id\"":429,\""phone_number\"":null}""",6093,2025-03-20 15:36:33,2026-07-01 17:47:50,1,,56315,tirupur,,2026-07-01 17:47:50,1,0
14783248,0,ACM216BSHRTS-SKT#85,80.00,ACM216BSHRTS-SKT#85,1,[],,ROXFZKE,,,0,Distributor,85,272301,B10,INV000000000058,2024-12-27,JGH_1100,subuser2@stockone.com,2024-12-27,"""{\""city\"":\""CHIMUR\"",\""name\"":\""SHRIHARI HOSIERY & READYMADE CENTRE\"",\""state\"":14,\""country\"":\""India\"",\""pincode\"":442903,\""email_id\"":\""shrihari.readymadecenter@gmail.com\"",\""last_name\"":\""\"",\""pan_number\"":\""\"",\""tin_number\"":\""29AAKCM8916G1ZZ\"",\""customer_id\"":5995,\""phone_number\"":9049029092}""",5995,2025-03-20 16:10:44,2026-07-03 16:15:12,0,,62357,tirupur,,2026-07-03 16:15:12,1,0
14783587,0,ACM216BSHRTS-SKT#85,80.00,ACM216BSHRTS-SKT#85,1,[],,RAQOHHY,,,0,Distributor,85,272301,B10,INV000000000058,2024-12-27,JGH_1100,subuser2@stockone.com,2024-12-27,"""{\""city\"":\""CHIMUR\"",\""name\"":\""SHRIHARI HOSIERY & READYMADE CENTRE\"",\""state\"":14,\""country\"":\""India\"",\""pincode\"":442903,\""email_id\"":\""shrihari.readymadecenter@gmail.com\"",\""last_name\"":\""\"",\""pan_number\"":\""\"",\""tin_number\"":\""29AAKCM8916G1ZZ\"",\""customer_id\"":5995,\""phone_number\"":9049029092}""",5995,2025-03-20 16:11:00,2026-07-03 16:14:52,0,,62357,tirupur,,2026-07-03 16:14:52,1,0
14783707,0,ACM216BSHRTS-SKT#85,80.00,ACM216BSHRTS-SKT#85,1,[],,YXIOSCV,,,0,Distributor,85,272301,B10,INV000000000058,2024-12-27,JGH_1100,subuser2@stockone.com,2024-12-27,"""{\""city\"":\""CHIMUR\"",\""name\"":\""SHRIHARI HOSIERY & READYMADE CENTRE\"",\""state\"":14,\""country\"":\""India\"",\""pincode\"":442903,\""email_id\"":\""shrihari.readymadecenter@gmail.com\"",\""last_name\"":\""\"",\""pan_number\"":\""\"",\""tin_number\"":\""29AAKCM8916G1ZZ\"",\""customer_id\"":5995,\""phone_number\"":9049029092}""",5995,2025-03-20 16:11:05,2026-07-03 16:15:12,0,,62357,tirupur,,2026-07-03 16:15:12,1,0
14794145,0,ACM211BCSRT-WHT#80,82.54,AMUL COMFY PLAIN WHITE CYCLING SHORT,1,[],,MZAKKTC,,,0,Distributors,6141105300,272151,B5,INV-00000121589,2025-03-20,JGH_1100,madesh,2025-03-19,"""{\""city\"":\""KURUKSHETRA\"",\""name\"":\""SHARMA TRADE LINKER\"",\""state\"":null,\""country\"":null,\""pincode\"":\""0\"",\""email_id\"":null,\""last_name\"":null,\""pan_number\"":null,\""tin_number\"":null,\""customer_id\"":181,\""phone_number\"":null}""",6094,2025-03-20 17:51:40,2026-07-03 14:58:29,1,,71051,tirupur,,2026-07-03 14:58:29,1,0
14795093,0,AMC111BTRNK#95,0.00,MCH PLAIN TRUNK AST (1/10),1,[],,ZOWDSMG,,,0,Distributors,6141103094,281876,B10,INV-00000121616,2025-03-20,JGH_1100,mithesh,2025-03-16,"""{\""city\"":\""KALOOR\"",\""name\"":\""MAXFIT ENTERPRISES PVT LTD\"",\""state\"":null,\""country\"":null,\""pincode\"":\""0\"",\""email_id\"":null,\""last_name\"":null,\""pan_number\"":null,\""tin_number\"":null,\""customer_id\"":142,\""phone_number\"":null}""",5907,2025-03-20 18:15:42,2026-07-02 17:04:19,1,,77831,tirupur,,2026-07-02 17:04:19,1,0
14795839,0,ASI090BTRNK#M,110.00,SPORTO M2402 PRINTED SPANDEX LONG TRUNK,1,[],,HHWHBHL,,,0,Distributors,6141105590,285330,B10,INV-00000121638,2025-03-20,JGH_1100,mithesh,2025-03-19,"""{\""city\"":\""UNA\"",\""name\"":\""DEVI LAL BIHARILAL\"",\""state\"":null,\""country\"":null,\""pincode\"":\""0\"",\""email_id\"":null,\""last_name\"":null,\""pan_number\"":null,\""tin_number\"":null,\""customer_id\"":438,\""phone_number\"":null}""",6127,2025-03-20 18:32:45,2026-07-02 14:18:21,1,,56337,tirupur,,2026-07-02 14:18:21,1,0
14813273,0,ACM001BRN2PC#105,65.94,AMUL COMFY VEST B RN WHITE TWIN PACK,1,[],,YZVYYDT,,,0,Distributors,6141106050,270075,B10,INV-00000122280,2025-03-21,JGH_1100,kavithar,2025-03-20,"""{\""city\"":\""ASSANDH\"",\""name\"":\""GANDHI APPAREL\"",\""state\"":null,\""country\"":null,\""pincode\"":\""0\"",\""email_id\"":null,\""last_name\"":null,\""pan_number\"":null,\""tin_number\"":null,\""customer_id\"":926,\""phone_number\"":null}""",6112,2025-03-21 15:15:05,2026-07-04 11:35:06,1,,74961,tirupur,,2026-07-04 11:35:06,1,0
14813275,0,ACM001BRN2PC#105,65.94,AMUL COMFY VEST B RN WHITE TWIN PACK,1,[],,LKVDKXF,,,0,Distributors,6141106050,270075,B10,INV-00000122280,2025-03-21,JGH_1100,kavithar,2025-03-20,"""{\""city\"":\""ASSANDH\"",\""name\"":\""GANDHI APPAREL\"",\""state\"":null,\""country\"":null,\""pincode\"":\""0\"",\""email_id\"":null,\""last_name\"":null,\""pan_number\"":null,\""tin_number\"":null,\""customer_id\"":926,\""phone_number\"":null}""",6112,2025-03-21 15:15:05,2026-07-04 11:35:05,1,,74961,tirupur,,2026-07-04 11:35:05,1,0
14813284,0,ACM001BRN2PC#105,65.94,AMUL COMFY VEST B RN WHITE TWIN PACK,1,[],,WHLCBTH,,,0,Distributors,6141106050,270075,B10,INV-00000122280,2025-03-21,JGH_1100,kavithar,2025-03-20,"""{\""city\"":\""ASSANDH\"",\""name\"":\""GANDHI APPAREL\"",\""state\"":null,\""country\"":null,\""pincode\"":\""0\"",\""email_id\"":null,\""last_name\"":null,\""pan_number\"":null,\""tin_number\"":null,\""customer_id\"":926,\""phone_number\"":null}""",6112,2025-03-21 15:15:05,2026-07-04 11:35:06,1,,74961,tirupur,,2026-07-04 11:35:06,1,0
14832088,,ACM061BRN#XXL,,AMUL COMFY GYM VEST AST,0,,,OXAPSG,,,0,Distributor,,271700,B5,2215405177,,,,2025-03-01,,6167,2025-03-21 15:48:53,2026-07-01 11:56:15,1,,74601,tirupur,,2026-07-01 11:56:15,1,0
14838730,0,AMC116BTRNK#100,156.48,MACHO PLAIN TRUNK POCKET WHT. ( 1/10 ),1,[],,RHGTRXW,,,0,Distributors,6141106120,281967,B10,INV-00000122485,2025-03-21,JGH_1100,mithesh,2025-03-20,"""{\""city\"":\""PALAKKAD\"",\""name\"":\""V.LAKSHMANAN\"",\""state\"":null,\""country\"":null,\""pincode\"":\""0\"",\""email_id\"":null,\""last_name\"":null,\""pan_number\"":null,\""tin_number\"":null,\""customer_id\"":140,\""phone_number\"":null}""",5906,2025-03-21 16:00:10,2026-07-01 14:47:27,1,,77814,tirupur,,2026-07-01 14:47:27,1,0
14838782,0,AMC116BTRNK#95,156.48,MACHO PLAIN TRUNK POCKET WHT. ( 1/10 ),1,[],,FDQJBRE,,,0,Distributors,6141106136,281976,B10,INV-00000122489,2025-03-21,JGH_1100,mithesh,2025-03-20,"""{\""city\"":\""CALICUT\"",\""name\"":\""NEW FASHION SOUK\"",\""state\"":null,\""country\"":null,\""pincode\"":\""0\"",\""email_id\"":null,\""last_name\"":null,\""pan_number\"":null,\""tin_number\"":null,\""customer_id\"":139,\""phone_number\"":null}""",5903,2025-03-21 16:01:38,2026-07-03 17:02:44,1,48391,76740,tirupur,2025-03-28 16:02:15,2026-07-03 17:02:44,1,0
14849469,0,ACM211BCSRT-AST#75,0.00,AMUL COMFY PLAIN ASST. CYCLING SHORT,1,[],,KXHQKPX,,,0,Distributors,6141107205,272095,B5,INV-00000122644,2025-03-21,JGH_1100,madesh,2025-03-20,"""{\""city\"":\""ROHA\"",\""name\"":\""VISHNU HOSIERY\"",\""state\"":null,\""country\"":null,\""pincode\"":\""0\"",\""email_id\"":null,\""last_name\"":null,\""pan_number\"":null,\""tin_number\"":null,\""customer_id\"":586,\""phone_number\"":null}""",6065,2025-03-21 16:48:33,2026-07-04 16:53:41,1,,55800,tirupur,,2026-07-04 16:53:41,1,0
14849474,0,ACM211BCSRT-AST#75,0.00,AMUL COMFY PLAIN ASST. CYCLING SHORT,1,[],,NGPFFNT,,,0,Distributors,6141107205,272095,B5,INV-00000122644,2025-03-21,JGH_1100,madesh,2025-03-20,"""{\""city\"":\""ROHA\"",\""name\"":\""VISHNU HOSIERY\"",\""state\"":null,\""country\"":null,\""pincode\"":\""0\"",\""email_id\"":null,\""last_name\"":null,\""pan_number\"":null,\""tin_number\"":null,\""customer_id\"":586,\""phone_number\"":null}""",6065,2025-03-21 16:48:33,2026-07-04 16:53:42,1,,55800,tirupur,,2026-07-04 16:53:42,1,0
14850019,0,ACM211BCSRT-BLK#100,0.00,AMUL COMFY PLAIN BLACK CYCLING SHORT,1,[],,SPURFPJ,,,0,Distributors,6141106949,272112,B5,INV-00000122650,2025-03-21,JGH_1100,madesh,2025-03-20,"""{\""city\"":\""PONTA SAHIB\"",\""name\"":\""CHOUDHARY TRADERS\"",\""state\"":null,\""country\"":null,\""pincode\"":\""0\"",\""email_id\"":null,\""last_name\"":null,\""pan_number\"":null,\""tin_number\"":null,\""customer_id\"":359,\""phone_number\"":null}""",6121,2025-03-21 16:53:38,2026-07-04 18:44:17,1,,73325,tirupur,,2026-07-04 18:44:17,1,0
14850021,0,ACM211BCSRT-BLK#100,0.00,AMUL COMFY PLAIN BLACK CYCLING SHORT,1,[],,JTBDXLJ,,,0,Distributors,6141106949,272112,B5,INV-00000122650,2025-03-21,JGH_1100,madesh,2025-03-20,"""{\""city\"":\""PONTA SAHIB\"",\""name\"":\""CHOUDHARY TRADERS\"",\""state\"":null,\""country\"":null,\""pincode\"":\""0\"",\""email_id\"":null,\""last_name\"":null,\""pan_number\"":null,\""tin_number\"":null,\""customer_id\"":359,\""phone_number\"":null}""",6121,2025-03-21 16:53:39,2026-07-04 18:44:17,1,,73325,tirupur,,2026-07-04 18:44:17,1,0
14850022,0,ACM211BCSRT-BLK#100,0.00,AMUL COMFY PLAIN BLACK CYCLING SHORT,1,[],,YVDJOJA,,,0,Distributors,6141106949,272112,B5,INV-00000122650,2025-03-21,JGH_1100,madesh,2025-03-20,"""{\""city\"":\""PONTA SAHIB\"",\""name\"":\""CHOUDHARY TRADERS\"",\""state\"":null,\""country\"":null,\""pincode\"":\""0\"",\""email_id\"":null,\""last_name\"":null,\""pan_number\"":null,\""tin_number\"":null,\""customer_id\"":359,\""phone_number\"":null}""",6121,2025-03-21 16:53:39,2026-07-04 18:44:17,1,,73325,tirupur,,2026-07-04 18:44:17,1,0
14850023,0,ACM211BCSRT-BLK#100,0.00,AMUL COMFY PLAIN BLACK CYCLING SHORT,1,[],,MRHJREE,,,0,Distributors,6141106949,272112,B5,INV-00000122650,2025-03-21,JGH_1100,madesh,2025-03-20,"""{\""city\"":\""PONTA SAHIB\"",\""name\"":\""CHOUDHARY TRADERS\"",\""state\"":null,\""country\"":null,\""pincode\"":\""0\"",\""email_id\"":null,\""last_name\"":null,\""pan_number\"":null,\""tin_number\"":null,\""customer_id\"":359,\""phone_number\"":null}""",6121,2025-03-21 16:53:39,2026-07-04 18:44:17,1,,73325,tirupur,,2026-07-04 18:44:17,1,0
14850024,0,ACM211BCSRT-BLK#100,0.00,AMUL COMFY PLAIN BLACK CYCLING SHORT,1,[],,UZOUWAU,,,0,Distributors,6141106949,272112,B5,INV-00000122650,2025-03-21,JGH_1100,madesh,2025-03-20,"""{\""city\"":\""PONTA SAHIB\"",\""name\"":\""CHOUDHARY TRADERS\"",\""state\"":null,\""country\"":null,\""pincode\"":\""0\"",\""email_id\"":null,\""last_name\"":null,\""pan_number\"":null,\""tin_number\"":null,\""customer_id\"":359,\""phone_number\"":null}""",6121,2025-03-21 16:53:39,2026-07-04 18:44:17,1,,73325,tirupur,,2026-07-04 18:44:17,1,0
14850253,0,ACM221BSLPS-WHT#100,0.00,AMUL COMFY WHITE SHORT SLIPS,1,[],,ZVHAXRJ,,,0,Distributors,6141106931,272316,B10,INV-00000122655,2025-03-21,JGH_1100,madesh,2025-03-20,"""{\""city\"":\""PONTA SAHIB\"",\""name\"":\""CHOUDHARY TRADERS\"",\""state\"":null,\""country\"":null,\""pincode\"":\""0\"",\""email_id\"":null,\""last_name\"":null,\""pan_number\"":null,\""tin_number\"":null,\""customer_id\"":359,\""phone_number\"":null}""",6121,2025-03-21 16:54:52,2026-07-04 20:55:19,1,,50386,tirupur,,2026-07-04 20:55:19,1,0
14850293,0,ACM221BSLPS-WHT#90,88.27,AMUL COMFY WHITE SHORT SLIPS,1,[],,IESQPBU,,,0,Distributors,6141106930,272324,B10,INV-00000122657,2025-03-21,JGH_1100,madesh,2025-03-20,"""{\""city\"":\""PONTA SAHIB\"",\""name\"":\""CHOUDHARY TRADERS\"",\""state\"":null,\""country\"":null,\""pincode\"":\""0\"",\""email_id\"":null,\""last_name\"":null,\""pan_number\"":null,\""tin_number\"":null,\""customer_id\"":359,\""phone_number\"":null}""",6121,2025-03-21 16:55:22,2026-07-04 16:34:33,1,,49208,tirupur,,2026-07-04 16:34:33,1,0
14851026,0,ACM211BCSRT-AST#75,0.00,AMUL COMFY PLAIN ASST. CYCLING SHORT,1,[],,OGGUXBV,,,0,Distributors,6141106791,272095,B5,INV-00000122683,2025-03-21,JGH_1100,madesh,2025-03-20,"""{\""city\"":\""NURPUR\"",\""name\"":\""VIJAY KUMAR & SONS\"",\""state\"":null,\""country\"":null,\""pincode\"":\""0\"",\""email_id\"":null,\""last_name\"":null,\""pan_number\"":null,\""tin_number\"":null,\""customer_id\"":357,\""phone_number\"":null}""",6120,2025-03-21 17:06:23,2026-07-02 18:02:51,1,,69855,tirupur,,2026-07-02 18:02:51,1,0
14853651,0,ACM025STRNK#70,121.34,AMUL COMFY COLOUR S TRUNKS (OE),1,[],,FSZELHN,,,0,Distributors,6141106739,271125,B10,INV-00000122831,2025-03-21,JGH_1100,sukant,2025-03-20,"""{\""city\"":\""GURGAON\"",\""name\"":\""PRINCE HOSIERY\"",\""state\"":null,\""country\"":null,\""pincode\"":\""0\"",\""email_id\"":null,\""last_name\"":null,\""pan_number\"":null,\""tin_number\"":null,\""customer_id\"":480,\""phone_number\"":null}""",6090,2025-03-21 17:23:10,2026-07-02 20:05:43,1,,51538,tirupur,,2026-07-02 20:05:43,1,0
14855279,0,ACM203SBLMR#70,76.60,AMUL COMFY PLAIN DEEP S I.E. BLOOMER,1,[],,OJJAWSG,,,0,Distributors,6141107182,271955,B10,INV-00000122939,2025-03-21,JGH_1100,madesh,2025-03-20,"""{\""city\"":\""BHIWANDI\"",\""name\"":\""NARAYAN HOSIERY\"",\""state\"":null,\""country\"":null,\""pincode\"":\""0\"",\""email_id\"":null,\""last_name\"":null,\""pan_number\"":null,\""tin_number\"":null,\""customer_id\"":981,\""phone_number\"":null}""",6051,2025-03-21 17:45:24,2026-07-01 11:35:54,1,,70100,tirupur,,2026-07-01 11:35:54,1,0
14856712,0,ACM204SBLMR#75,78.15,AMUL COMFY PRINT DEEP S I.E. BLOOMER,1,[],,LMJTOAZ,,,0,Distributors,6141106121,271980,B10,INV-00000122976,2025-03-21,JGH_1100,madesh,2025-03-20,"""{\""city\"":\""GEORAI\"",\""name\"":\""VARDAN DRESSES\"",\""state\"":null,\""country\"":null,\""pincode\"":\""0\"",\""email_id\"":null,\""last_name\"":null,\""pan_number\"":null,\""tin_number\"":null,\""customer_id\"":669,\""phone_number\"":null}""",6020,2025-03-21 17:54:20,2026-07-04 13:24:39,1,,51058,tirupur,,2026-07-04 13:24:39,1,0
14856730,0,ACM204SBLMR#70,0.00,AMUL COMFY PRINT DEEP S I.E. BLOOMER,1,[],,RILBWVX,,,0,Distributors,6141106121,271978,B10,INV-00000122976,2025-03-21,JGH_1100,madesh,2025-03-20,"""{\""city\"":\""GEORAI\"",\""name\"":\""VARDAN DRESSES\"",\""state\"":null,\""country\"":null,\""pincode\"":\""0\"",\""email_id\"":null,\""last_name\"":null,\""pan_number\"":null,\""tin_number\"":null,\""customer_id\"":669,\""phone_number\"":null}""",6020,2025-03-21 17:54:20,2026-07-04 13:24:39,1,,51058,tirupur,,2026-07-04 13:24:39,1,0
14856774,0,ACM204SBLMR#65,0.00,AMUL COMFY PRINT DEEP S I.E. BLOOMER,1,[],,GBKHEYI,,,0,Distributors,6141106121,271977,B10,INV-00000122976,2025-03-21,JGH_1100,madesh,2025-03-20,"""{\""city\"":\""GEORAI\"",\""name\"":\""VARDAN DRESSES\"",\""state\"":null,\""country\"":null,\""pincode\"":\""0\"",\""email_id\"":null,\""last_name\"":null,\""pan_number\"":null,\""tin_number\"":null,\""customer_id\"":669,\""phone_number\"":null}""",6020,2025-03-21 17:54:21,2026-07-02 17:14:49,1,,50792,tirupur,,2026-07-02 17:14:49,1,0
14856780,0,ACM204SBLMR#50,0.00,AMUL COMFY PRINT DEEP S I.E. BLOOMER,1,[],,XCXKDTV,,,0,Distributors,6141106121,271974,B10,INV-00000122976,2025-03-21,JGH_1100,madesh,2025-03-20,"""{\""city\"":\""GEORAI\"",\""name\"":\""VARDAN DRESSES\"",\""state\"":null,\""country\"":null,\""pincode\"":\""0\"",\""email_id\"":null,\""last_name\"":null,\""pan_number\"":null,\""tin_number\"":null,\""customer_id\"":669,\""phone_number\"":null}""",6020,2025-03-21 17:54:21,2026-07-04 13:24:39,1,,51058,tirupur,,2026-07-04 13:24:39,1,0
14856787,0,ACM204SBLMR#55,0.00,AMUL COMFY PRINT DEEP S I.E. BLOOMER,1,[],,JRAXSHD,,,0,Distributors,6141106121,271975,B10,INV-00000122976,2025-03-21,JGH_1100,madesh,2025-03-20,"""{\""city\"":\""GEORAI\"",\""name\"":\""VARDAN DRESSES\"",\""state\"":null,\""country\"":null,\""pincode\"":\""0\"",\""email_id\"":null,\""last_name\"":null,\""pan_number\"":null,\""tin_number\"":null,\""customer_id\"":669,\""phone_number\"":null}""",6020,2025-03-21 17:54:21,2026-07-04 13:24:39,1,,51058,tirupur,,2026-07-04 13:24:39,1,0
14860637,0,ACM025STRNK#73,121.34,AMUL COMFY COLOUR S TRUNKS (OE),1,[],,XHAUZVJ,,,0,Distributors,6141106928,271126,B10,INV-00000123222,2025-03-21,JGH_1100,gopi,2025-03-20,"""{\""city\"":\""NURPUR\"",\""name\"":\""VIJAY KUMAR & SONS\"",\""state\"":null,\""country\"":null,\""pincode\"":\""0\"",\""email_id\"":null,\""last_name\"":null,\""pan_number\"":null,\""tin_number\"":null,\""customer_id\"":357,\""phone_number\"":null}""",6120,2025-03-21 22:21:21,2026-07-02 14:40:34,1,,75651,tirupur,,2026-07-02 14:40:34,1,0
14862049,0,ACM061BRN#XS,0.00,AMUL COMFY GYM VEST AST,1,[],,UMDNSMY,,,0,Distributors,6141107925,271699,B5,INV-00000123271,2025-03-22,JGH_1100,balajig,2025-03-21,"""{\""city\"":\""REWARI\"",\""name\"":\""JEET GARMENTS & CLOTH HOUSE\"",\""state\"":null,\""country\"":null,\""pincode\"":\""0\"",\""email_id\"":null,\""last_name\"":null,\""pan_number\"":null,\""tin_number\"":null,\""customer_id\"":333,\""phone_number\"":null}""",6111,2025-03-22 10:25:38,2026-07-03 14:22:40,1,,50341,tirupur,,2026-07-03 14:22:40,1,0
14863889,0,ACM211BCSRT-AST#80,0.00,AMUL COMFY PLAIN ASST. CYCLING SHORT,1,[],,FZNJCMU,,,0,Distributors,6141107213,272096,B5,INV-00000123318,2025-03-22,JGH_1100,madesh,2025-03-20,"""{\""city\"":\""ROHA\"",\""name\"":\""VISHNU HOSIERY\"",\""state\"":null,\""country\"":null,\""pincode\"":\""0\"",\""email_id\"":null,\""last_name\"":null,\""pan_number\"":null,\""tin_number\"":null,\""customer_id\"":586,\""phone_number\"":null}""",6065,2025-03-22 11:11:36,2026-07-04 16:53:41,1,,55800,tirupur,,2026-07-04 16:53:41,1,0
14863890,0,ACM211BCSRT-AST#80,0.00,AMUL COMFY PLAIN ASST. CYCLING SHORT,1,[],,MEONLNO,,,0,Distributors,6141107213,272096,B5,INV-00000123318,2025-03-22,JGH_1100,madesh,2025-03-20,"""{\""city\"":\""ROHA\"",\""name\"":\""VISHNU HOSIERY\"",\""state\"":null,\""country\"":null,\""pincode\"":\""0\"",\""email_id\"":null,\""last_name\"":null,\""pan_number\"":null,\""tin_number\"":null,\""customer_id\"":586,\""phone_number\"":null}""",6065,2025-03-22 11:11:36,2026-07-04 16:53:41,1,,55800,tirupur,,2026-07-04 16:53:41,1,0
14863891,0,ACM211BCSRT-AST#80,0.00,AMUL COMFY PLAIN ASST. CYCLING SHORT,1,[],,KSLOYIW,,,0,Distributors,6141107213,272096,B5,INV-00000123318,2025-03-22,JGH_1100,madesh,2025-03-20,"""{\""city\"":\""ROHA\"",\""name\"":\""VISHNU HOSIERY\"",\""state\"":null,\""country\"":null,\""pincode\"":\""0\"",\""email_id\"":null,\""last_name\"":null,\""pan_number\"":null,\""tin_number\"":null,\""customer_id\"":586,\""phone_number\"":null}""",6065,2025-03-22 11:11:36,2026-07-04 16:53:41,1,,55800,tirupur,,2026-07-04 16:53:41,1,0
14863892,0,ACM211BCSRT-AST#80,0.00,AMUL COMFY PLAIN ASST. CYCLING SHORT,1,[],,YTRKGKS,,,0,Distributors,6141107213,272096,B5,INV-00000123318,2025-03-22,JGH_1100,madesh,2025-03-20,"""{\""city\"":\""ROHA\"",\""name\"":\""VISHNU HOSIERY\"",\""state\"":null,\""country\"":null,\""pincode\"":\""0\"",\""email_id\"":null,\""last_name\"":null,\""pan_number\"":null,\""tin_number\"":null,\""customer_id\"":586,\""phone_number\"":null}""",6065,2025-03-22 11:11:36,2026-07-04 16:53:41,1,,55800,tirupur,,2026-07-04 16:53:41,1,0
14863894,0,ACM211BCSRT-AST#80,0.00,AMUL COMFY PLAIN ASST. CYCLING SHORT,1,[],,FXRAQIL,,,0,Distributors,6141107213,272096,B5,INV-00000123318,2025-03-22,JGH_1100,madesh,2025-03-20,"""{\""city\"":\""ROHA\"",\""name\"":\""VISHNU HOSIERY\"",\""state\"":null,\""country\"":null,\""pincode\"":\""0\"",\""email_id\"":null,\""last_name\"":null,\""pan_number\"":null,\""tin_number\"":null,\""customer_id\"":586,\""phone_number\"":null}""",6065,2025-03-22 11:11:36,2026-07-04 16:53:41,1,,55800,tirupur,,2026-07-04 16:53:41,1,0
14867341,0,ACM001BRN2PC#75,65.94,AMUL COMFY VEST B RN WHITE TWIN PACK,1,[],,XVMQBRP,,,0,Distributors,6141107170,270079,B10,INV-00000123393,2025-03-22,JGH_1100,kavithar,2025-03-20,"""{\""city\"":\""BHIWANDI\"",\""name\"":\""NARAYAN HOSIERY\"",\""state\"":null,\""country\"":null,\""pincode\"":\""0\"",\""email_id\"":null,\""last_name\"":null,\""pan_number\"":null,\""tin_number\"":null,\""customer_id\"":981,\""phone_number\"":null}""",6051,2025-03-22 14:53:02,2026-07-02 14:47:01,1,,62490,tirupur,,2026-07-02 14:47:01,1,0
14867443,0,ACM001BRN2PC#80,0.00,AMUL COMFY VEST B RN WHITE TWIN PACK,1,[],,GHLQKSG,,,0,Distributors,6141107169,270080,B10,INV-00000123394,2025-03-22,JGH_1100,kavithar,2025-03-20,"""{\""city\"":\""BHIWANDI\"",\""name\"":\""NARAYAN HOSIERY\"",\""state\"":null,\""country\"":null,\""pincode\"":\""0\"",\""email_id\"":null,\""last_name\"":null,\""pan_number\"":null,\""tin_number\"":null,\""customer_id\"":981,\""phone_number\"":null}""",6051,2025-03-22 14:53:12,2026-07-02 17:42:03,1,,46974,tirupur,,2026-07-02 17:42:03,1,0
14868378,0,ASP811BAST#L,129.86,SPORTO 811 ASST.,1,[],,JPNKPTS,,,0,Distributors,6141108104,287151,B5,INV-00000123408,2025-03-22,JGH_1100,kavithar,2025-03-21,"""{\""city\"":\""DAVANGERE\"",\""name\"":\""KANTHI HANDLOOMS\"",\""state\"":null,\""country\"":null,\""pincode\"":\""0\"",\""email_id\"":null,\""last_name\"":null,\""pan_number\"":null,\""tin_number\"":null,\""customer_id\"":324,\""phone_number\"":null}""",5885,2025-03-22 14:58:17,2026-07-01 11:47:55,1,,67731,tirupur,,2026-07-01 11:47:55,1,0
14868978,0,ASP031BAST#XXL,100.89,SPORTO 111 ASST.5 PC,1,[],,UJFDITS,,,0,Distributors,6141107627,285956,B5,INV-00000123431,2025-03-22,JGH_1100,kavithar,2025-03-21,"""{\""city\"":\""FARIDABAD\"",\""name\"":\""AGGARWAL HOSIERY\"",\""state\"":null,\""country\"":null,\""pincode\"":\""0\"",\""email_id\"":null,\""last_name\"":null,\""pan_number\"":null,\""tin_number\"":null,\""customer_id\"":89,\""phone_number\"":null}""",6087,2025-03-22 15:01:29,2026-07-03 19:36:48,1,49055,59761,tirupur,2025-05-15 11:26:49,2026-07-03 19:36:48,1,0
14869583,0,ASP031BAST10PC#XS,10.89,SPORTO 111 ASST.10PC,1,[],,OHWKJUY,,,0,Distributors,6141107826,285925,B10,INV-00000123462,2025-03-22,JGH_1100,kavithar,2025-03-21,"""{\""city\"":\""LUDHIANA\"",\""name\"":\""TANEJA HOSIERY FACTORY\"",\""state\"":null,\""country\"":null,\""pincode\"":\""0\"",\""email_id\"":null,\""last_name\"":null,\""pan_number\"":null,\""tin_number\"":null,\""customer_id\"":37,\""phone_number\"":null}""",6167,2025-03-22 15:06:14,2026-07-02 14:29:41,1,,53277,tirupur,,2026-07-02 14:29:41,1,0
14875899,0,AMC002BRNSZP#80,55.42,MACHO ELITE VEST WHT. RNS (1/10) ZP,1,[],,SSSNZLL,,,0,Distributors,6141107939,279898,B10,INV-00000123562,2025-03-22,JGH_1100,kavithar,2025-03-21,"""{\""city\"":\""CALICUT\"",\""name\"":\""NEW FASHION SOUK\"",\""state\"":null,\""country\"":null,\""pincode\"":\""0\"",\""email_id\"":null,\""last_name\"":null,\""pan_number\"":null,\""tin_number\"":null,\""customer_id\"":139,\""phone_number\"":null}""",5903,2025-03-22 15:46:27,2026-07-01 10:52:48,1,,77803,tirupur,,2026-07-01 10:52:48,1,0
14877980,0,ASP031BAST#L,80.00,ASP031BAST#L,1,[],,IZRMGLX,,,0,Distributor,L,285941,B5,INV000000000058,2024-12-27,JGH_1100,subuser2@stockone.com,2024-12-27,"""{\""city\"":\""DELHI\"",\""name\"":\""AHUJA AGENCIES\"",\""state\"":40,\""country\"":\""India\"",\""pincode\"":null,\""email_id\"":\""Agencies.ahuja@gmail.com\"",\""last_name\"":\""\"",\""pan_number\"":\""\"",\""tin_number\"":\""29AAKCM8916G1ZZ\"",\""customer_id\"":6301,\""phone_number\"":9811268331}""",6301,2025-03-22 16:12:49,2026-07-02 18:04:08,0,,60091,tirupur,,2026-07-02 18:04:08,1,0
14877983,0,ASP031BAST#L,80.00,ASP031BAST#L,1,[],,WSWAQTY,,,0,Distributor,L,285941,B5,INV000000000058,2024-12-27,JGH_1100,subuser2@stockone.com,2024-12-27,"""{\""city\"":\""DELHI\"",\""name\"":\""AHUJA AGENCIES\"",\""state\"":40,\""country\"":\""India\"",\""pincode\"":null,\""email_id\"":\""Agencies.ahuja@gmail.com\"",\""last_name\"":\""\"",\""pan_number\"":\""\"",\""tin_number\"":\""29AAKCM8916G1ZZ\"",\""customer_id\"":6301,\""phone_number\"":9811268331}""",6301,2025-03-22 16:12:51,2026-07-02 18:04:22,0,,60091,tirupur,,2026-07-02 18:04:22,1,0
14878021,0,ASP031BAST#L,80.00,ASP031BAST#L,1,[],,YEVKJES,,,0,Distributor,L,285941,B5,INV000000000058,2024-12-27,JGH_1100,subuser2@stockone.com,2024-12-27,"""{\""city\"":\""DELHI\"",\""name\"":\""AHUJA AGENCIES\"",\""state\"":40,\""country\"":\""India\"",\""pincode\"":null,\""email_id\"":\""Agencies.ahuja@gmail.com\"",\""last_name\"":\""\"",\""pan_number\"":\""\"",\""tin_number\"":\""29AAKCM8916G1ZZ\"",\""customer_id\"":6301,\""phone_number\"":9811268331}""",6301,2025-03-22 16:13:38,2026-07-02 18:04:36,0,,60091,tirupur,,2026-07-02 18:04:36,1,0
14878053,0,ASP031BAST#L,80.00,ASP031BAST#L,1,[],,LJDHLNO,,,0,Distributor,L,285941,B5,INV000000000058,2024-12-27,JGH_1100,subuser2@stockone.com,2024-12-27,"""{\""city\"":\""DELHI\"",\""name\"":\""AHUJA AGENCIES\"",\""state\"":40,\""country\"":\""India\"",\""pincode\"":null,\""email_id\"":\""Agencies.ahuja@gmail.com\"",\""last_name\"":\""\"",\""pan_number\"":\""\"",\""tin_number\"":\""29AAKCM8916G1ZZ\"",\""customer_id\"":6301,\""phone_number\"":9811268331}""",6301,2025-03-22 16:14:35,2026-07-02 18:05:41,0,,60091,tirupur,,2026-07-02 18:05:41,1,0
14878148,0,ASP031BAST#L,80.00,ASP031BAST#L,1,[],,ERNDGAB,,,0,Distributor,L,285941,B5,INV000000000058,2024-12-27,JGH_1100,subuser2@stockone.com,2024-12-27,"""{\""city\"":\""DELHI\"",\""name\"":\""AHUJA AGENCIES\"",\""state\"":40,\""country\"":\""India\"",\""pincode\"":null,\""email_id\"":\""Agencies.ahuja@gmail.com\"",\""last_name\"":\""\"",\""pan_number\"":\""\"",\""tin_number\"":\""29AAKCM8916G1ZZ\"",\""customer_id\"":6301,\""phone_number\"":9811268331}""",6301,2025-03-22 16:18:26,2026-07-02 19:14:16,0,,64288,tirupur,,2026-07-02 19:14:16,1,0
14879663,0,ACM033BBRIF1AST#85,10.39,AMUL COMFY COLOUR B O.E BRIEF (1 PC),1,[],,RRCNRDU,,,0,Distributors,6141108117,271358,B10,INV-00000123710,2025-03-22,JGH_1100,mithesh,2025-03-21,"""{\""city\"":\""SHIMOGA\"",\""name\"":\""SHREE GOKUL HOSIERY\"",\""state\"":null,\""country\"":null,\""pincode\"":\""0\"",\""email_id\"":null,\""last_name\"":null,\""pan_number\"":null,\""tin_number\"":null,\""customer_id\"":228,\""phone_number\"":null}""",5874,2025-03-22 17:32:25,2026-07-01 20:22:26,1,,69414,tirupur,,2026-07-01 20:22:26,1,0
14879697,0,ACM033BBRIF1AST#90,103.97,AMUL COMFY COLOUR B O.E BRIEF (1 PC),1,[],,FVLWVGG,,,0,Distributors,6141108117,271359,B10,INV-00000123710,2025-03-22,JGH_1100,mithesh,2025-03-21,"""{\""city\"":\""SHIMOGA\"",\""name\"":\""SHREE GOKUL HOSIERY\"",\""state\"":null,\""country\"":null,\""pincode\"":\""0\"",\""email_id\"":null,\""last_name\"":null,\""pan_number\"":null,\""tin_number\"":null,\""customer_id\"":228,\""phone_number\"":null}""",5874,2025-03-22 17:32:26,2026-07-01 20:22:05,1,,69414,tirupur,,2026-07-01 20:22:05,1,0
14883931,0,APR002BPNTS0AST#90,71.83,AMUL PRIYA PRINT PANTY,1,[],,AFJYSSJ,,,0,Distributors,6141106014,284574,B10,INV-00000123852,2025-03-22,JGH_1100,madesh,2025-03-20,"""{\""city\"":\""CALICUT\"",\""name\"":\""COTTAN SOUK\"",\""state\"":\""Kerala\"",\""country\"":\""India\"",\""pincode\"":\""0\"",\""email_id\"":null,\""last_name\"":null,\""pan_number\"":null,\""tin_number\"":null,\""customer_id\"":5,\""phone_number\"":null}""",5904,2025-03-22 17:50:38,2026-07-02 12:06:25,1,,72919,tirupur,,2026-07-02 12:06:25,1,0
14887888,0,ACM221BSLPS-WHT#100,82.85,AMUL COMFY WHITE SHORT SLIPS,1,[],,GAFZPXQ,,,0,Distributors,6141107829,272316,B10,INV-00000123954,2025-03-22,JGH_1100,kavithar,2025-03-21,"""{\""city\"":\""GURDASPUR\"",\""name\"":\""SHRI ANAND GARMENT\"",\""state\"":null,\""country\"":null,\""pincode\"":\""0\"",\""email_id\"":null,\""last_name\"":null,\""pan_number\"":null,\""tin_number\"":null,\""customer_id\"":424,\""phone_number\"":null}""",6159,2025-03-22 18:16:10,2026-07-04 15:08:19,1,,64306,tirupur,,2026-07-04 15:08:19,1,0
14893158,0,APR002BPNTS0AST #90,80.00,APR002BPNTS0AST #90,1,[],,KLDOOKB,,,0,Distributor,90,284574,B10,INV000000000058,2024-12-27,JGH_1100,subuser2@stockone.com,2024-12-27,"""{\""city\"":\""JIND\"",\""name\"":\""TINKU AGENCIES\"",\""state\"":8,\""country\"":\""India\"",\""pincode\"":126102,\""email_id\"":\""kumarharinder186@gmail.com\"",\""last_name\"":\""\"",\""pan_number\"":\""\"",\""tin_number\"":\""29AAKCM8916G1ZZ\"",\""customer_id\"":6093,\""phone_number\"":9215123431}""",6093,2025-03-23 15:40:58,2026-07-02 16:47:47,0,,51920,tirupur,,2026-07-02 16:47:47,1,0
14899711,0,ACM221SSLPS-WHT#55,71.66,AMUL COMFY WHITE JUNIOR SHORT SLIPS,1,[],,NSYJSOG,,,0,Distributors,6141109058,272355,B10,INV-00000124188,2025-03-24,JGH_1100,kavithar,2025-03-22,"""{\""city\"":\""KAITHAL\"",\""name\"":\""P.K.AGENCIES\"",\""state\"":null,\""country\"":null,\""pincode\"":\""0\"",\""email_id\"":null,\""last_name\"":null,\""pan_number\"":null,\""tin_number\"":null,\""customer_id\"":419,\""phone_number\"":null}""",6096,2025-03-24 13:08:59,2026-07-02 13:11:13,1,,48763,tirupur,,2026-07-02 13:11:13,1,0
14899934,0,ACM236BPNTS2P#90,80.00,ACM236BPNTS2P#90,1,[],,NZSLPMT,,,0,Distributor,90,272559,B10,INV000000000058,2024-12-27,JGH_1100,subuser2@stockone.com,2024-12-27,"""{\""city\"":\""BELGAUM\"",\""name\"":\""MARUTI DISTRIBUTORS\"",\""state\"":11,\""country\"":\""India\"",\""pincode\"":590001,\""email_id\"":\""marutidistributorbelgaum@gmail.com\"",\""last_name\"":\""\"",\""pan_number\"":\""\"",\""tin_number\"":\""29AAKCM8916G1ZZ\"",\""customer_id\"":5891,\""phone_number\"":8762261331}""",5891,2025-03-24 13:12:23,2026-07-02 13:20:17,0,,74461,tirupur,,2026-07-02 13:20:17,1,0
14900367,0,APR001BPNTS0AST#90,71.83,AMUL PRIYA PLAIN B PANTY,1,[],,ADTEIOO,,,0,Distributors,6141109110,284540,B10,INV-00000124206,2025-03-24,JGH_1100,kavithar,2025-03-22,"""{\""city\"":\""CHANDIGARH\"",\""name\"":\""JAIN & COMPANY\"",\""state\"":null,\""country\"":null,\""pincode\"":\""0\"",\""email_id\"":null,\""last_name\"":null,\""pan_number\"":null,\""tin_number\"":null,\""customer_id\"":477,\""phone_number\"":null}""",6185,2025-03-24 13:16:33,2026-07-01 16:39:08,1,,69646,tirupur,,2026-07-01 16:39:08,1,0
14901247,0,ASP032BWBM#XL,100.89,SPORTO 222 W-B-M,1,[],,XBFMVVG,,,0,Distributors,6141107734,286267,B5,INV-00000124244,2025-03-24,JGH_1100,santhosh,2025-03-21,"""{\""city\"":\""MOGA\"",\""name\"":\""LUXMI GLASS HOUSE\"",\""state\"":null,\""country\"":null,\""pincode\"":\""0\"",\""email_id\"":null,\""last_name\"":null,\""pan_number\"":null,\""tin_number\"":null,\""customer_id\"":501,\""phone_number\"":null}""",6172,2025-03-24 14:40:31,2026-07-03 13:34:17,1,,48265,tirupur,,2026-07-03 13:34:17,1,0
14918449,0,ACM001BRN2PC#80,0.00,AMUL COMFY VEST B RN WHITE TWIN PACK,1,[],,IBRWURD,,,0,Distributors,6141109149,270080,B10,INV-00000124385,2025-03-24,JGH_1100,kavithar,2025-03-22,"""{\""city\"":\""LUDHIANA\"",\""name\"":\""TANEJA HOSIERY FACTORY\"",\""state\"":null,\""country\"":null,\""pincode\"":\""0\"",\""email_id\"":null,\""last_name\"":null,\""pan_number\"":null,\""tin_number\"":null,\""customer_id\"":37,\""phone_number\"":null}""",6167,2025-03-24 15:40:09,2026-07-01 15:29:34,1,,62617,tirupur,,2026-07-01 15:29:34,1,0
14918493,,ACM023BTRNK2AST#95,,AMUL COMFY COLOUR B TRUNKS OE 2/10,0,,,PAPXZFR,,,0,Distributor,,270967,B10,6151059319,,,,2025-03-22,,6167,2025-03-24 15:40:23,2026-07-01 15:27:40,1,,62617,tirupur,,2026-07-01 15:27:40,1,0
14923658,0,ASP744BAST#M,140.13,SPORTO 744 ASST.,1,[],,KEDFQQA,,,0,Distributors,6141106082,287112,B5,INV-00000124502,2025-03-24,JGH_1100,kavithar,2025-03-20,"""{\""city\"":\""AMBIKAPUR\"",\""name\"":\""HARSH GARMENTS\"",\""state\"":null,\""country\"":null,\""pincode\"":\""0\"",\""email_id\"":null,\""last_name\"":null,\""pan_number\"":null,\""tin_number\"":null,\""customer_id\"":947,\""phone_number\"":null}""",6079,2025-03-24 16:08:37,2026-07-04 18:05:40,1,,57037,tirupur,,2026-07-04 18:05:40,1,0
14939713,0,ACM001BRNS2P#100,0.00,AMUL COMFY VEST B RNS WHITE TWIN PACK,1,[],,DPBMHFH,,,0,Distributors,6141108933,270239,B10,INV-00000124643,2025-03-24,JGH_1100,kavithar,2025-03-22,"""{\""city\"":\""FARIDABAD\"",\""name\"":\""AGGARWAL HOSIERY\"",\""state\"":null,\""country\"":null,\""pincode\"":\""0\"",\""email_id\"":null,\""last_name\"":null,\""pan_number\"":null,\""tin_number\"":null,\""customer_id\"":89,\""phone_number\"":null}""",6087,2025-03-24 17:30:52,2026-07-02 21:06:20,1,,49263,tirupur,,2026-07-02 21:06:20,1,0
14946024,0,ACM025STRNK#73,121.34,AMUL COMFY COLOUR S TRUNKS (OE),1,[],,FKKFKQG,,,0,Distributors,6141109104,271126,B10,INV-00000125142,2025-03-24,JGH_1100,gopi,2025-03-22,"""{\""city\"":\""NEW DELHI\"",\""name\"":\""KAMAL AGENCIES\"",\""state\"":null,\""country\"":null,\""pincode\"":\""0\"",\""email_id\"":null,\""last_name\"":null,\""pan_number\"":null,\""tin_number\"":null,\""customer_id\"":72,\""phone_number\"":null}""",6192,2025-03-24 18:51:01,2026-07-03 13:22:54,1,,52894,tirupur,,2026-07-03 13:22:54,1,0
14947071,0,ACM204SBLMR#50,0.00,AMUL COMFY PRINT DEEP S I.E. BLOOMER,1,[],,QMGPFDF,,,0,Distributors,6141109063,271974,B10,INV-00000125319,2025-03-24,JGH_1100,madesh,2025-03-22,"""{\""city\"":\""PANIPAT\"",\""name\"":\""ARORA HOSIERY\"",\""state\"":null,\""country\"":null,\""pincode\"":\""0\"",\""email_id\"":null,\""last_name\"":null,\""pan_number\"":null,\""tin_number\"":null,\""customer_id\"":320,\""phone_number\"":null}""",6099,2025-03-24 19:18:50,2026-07-04 19:42:22,1,,56812,tirupur,,2026-07-04 19:42:22,1,0
14951309,0,AMC002BRNBSZP#80,0.00,MACHO ELITE VEST WHT. RNBS (1/10) ZP,1,[],,NRBCIRR,,,0,Distributors,6141110013,279876,B10,INV-00000125602,2025-03-25,JGH_1100,sushanta,2025-03-24,"""{\""city\"":\""CALICUT\"",\""name\"":\""NEW FASHION SOUK\"",\""state\"":null,\""country\"":null,\""pincode\"":\""0\"",\""email_id\"":null,\""last_name\"":null,\""pan_number\"":null,\""tin_number\"":null,\""customer_id\"":139,\""phone_number\"":null}""",5903,2025-03-25 13:27:06,2026-07-01 13:22:59,1,,77808,tirupur,,2026-07-01 13:22:59,1,0
14951786,0,AMC002BRNZP#80,69.51,MACHO ELITE VEST WHT RN (1/10) ZP,1,[],,YDRYWJV,,,0,Distributors,6141110003,280017,B10,INV-00000125610,2025-03-25,JGH_1100,sushanta,2025-03-24,"""{\""city\"":\""CALICUT\"",\""name\"":\""NEW FASHION SOUK\"",\""state\"":null,\""country\"":null,\""pincode\"":\""0\"",\""email_id\"":null,\""last_name\"":null,\""pan_number\"":null,\""tin_number\"":null,\""customer_id\"":139,\""phone_number\"":null}""",5903,2025-03-25 13:29:43,2026-07-02 12:46:35,1,,72919,tirupur,,2026-07-02 12:46:35,1,0
14953301,,ACM061BRN#XL,,AMUL COMFY GYM VEST AST,0,,,WCJSSHS,,,0,Distributor,,271698,B5,2215405602,,,,2025-03-24,,6171,2025-03-25 15:02:20,2026-07-02 13:31:23,1,,51345,tirupur,,2026-07-02 13:31:23,1,0
14956351,0,ACM006BRN2P#80,0.00,AMUL COMFY VEST B RN COLOUR TWIN PACK,1,[],,ACZHWLH,,,0,Distributors,6141110286,270483,B10,INV-00000125809,2025-03-25,JGH_1100,ananthi,2025-03-24,"""{\""city\"":\""BHIWANDI\"",\""name\"":\""NARAYAN HOSIERY\"",\""state\"":null,\""country\"":null,\""pincode\"":\""0\"",\""email_id\"":null,\""last_name\"":null,\""pan_number\"":null,\""tin_number\"":null,\""customer_id\"":981,\""phone_number\"":null}""",6051,2025-03-25 16:24:33,2026-07-01 12:48:55,1,,62490,tirupur,,2026-07-01 12:48:55,1,0
14956352,0,ACM006BRN2P#80,0.00,AMUL COMFY VEST B RN COLOUR TWIN PACK,1,[],,IPMNLYY,,,0,Distributors,6141110286,270483,B10,INV-00000125809,2025-03-25,JGH_1100,ananthi,2025-03-24,"""{\""city\"":\""BHIWANDI\"",\""name\"":\""NARAYAN HOSIERY\"",\""state\"":null,\""country\"":null,\""pincode\"":\""0\"",\""email_id\"":null,\""last_name\"":null,\""pan_number\"":null,\""tin_number\"":null,\""customer_id\"":981,\""phone_number\"":null}""",6051,2025-03-25 16:24:33,2026-07-01 12:48:56,1,,62490,tirupur,,2026-07-01 12:48:56,1,0
14956393,0,ACM006BRN2P#85,68.87,AMUL COMFY VEST B RN COLOUR TWIN PACK,1,[],,DSPVRFY,,,0,Distributors,6141110286,270484,B10,INV-00000125809,2025-03-25,JGH_1100,ananthi,2025-03-24,"""{\""city\"":\""BHIWANDI\"",\""name\"":\""NARAYAN HOSIERY\"",\""state\"":null,\""country\"":null,\""pincode\"":\""0\"",\""email_id\"":null,\""last_name\"":null,\""pan_number\"":null,\""tin_number\"":null,\""customer_id\"":981,\""phone_number\"":null}""",6051,2025-03-25 16:24:34,2026-07-01 12:48:55,1,,62490,tirupur,,2026-07-01 12:48:55,1,0
14956475,0,ACM006BRN2P#90,68.87,AMUL COMFY VEST B RN COLOUR TWIN PACK,1,[],,WBCVPBJ,,,0,Distributors,6141110286,270485,B10,INV-00000125809,2025-03-25,JGH_1100,ananthi,2025-03-24,"""{\""city\"":\""BHIWANDI\"",\""name\"":\""NARAYAN HOSIERY\"",\""state\"":null,\""country\"":null,\""pincode\"":\""0\"",\""email_id\"":null,\""last_name\"":null,\""pan_number\"":null,\""tin_number\"":null,\""customer_id\"":981,\""phone_number\"":null}""",6051,2025-03-25 16:24:35,2026-07-01 12:48:55,1,,62490,tirupur,,2026-07-01 12:48:55,1,0
14956477,0,ACM006BRN2P#90,68.87,AMUL COMFY VEST B RN COLOUR TWIN PACK,1,[],,PKRMPWI,,,0,Distributors,6141110286,270485,B10,INV-00000125809,2025-03-25,JGH_1100,ananthi,2025-03-24,"""{\""city\"":\""BHIWANDI\"",\""name\"":\""NARAYAN HOSIERY\"",\""state\"":null,\""country\"":null,\""pincode\"":\""0\"",\""email_id\"":null,\""last_name\"":null,\""pan_number\"":null,\""tin_number\"":null,\""customer_id\"":981,\""phone_number\"":null}""",6051,2025-03-25 16:24:35,2026-07-01 12:48:55,1,,62490,tirupur,,2026-07-01 12:48:55,1,0
14956479,0,ACM006BRN2P#90,68.87,AMUL COMFY VEST B RN COLOUR TWIN PACK,1,[],,USMKOBP,,,0,Distributors,6141110286,270485,B10,INV-00000125809,2025-03-25,JGH_1100,ananthi,2025-03-24,"""{\""city\"":\""BHIWANDI\"",\""name\"":\""NARAYAN HOSIERY\"",\""state\"":null,\""country\"":null,\""pincode\"":\""0\"",\""email_id\"":null,\""last_name\"":null,\""pan_number\"":null,\""tin_number\"":null,\""customer_id\"":981,\""phone_number\"":null}""",6051,2025-03-25 16:24:35,2026-07-01 12:48:55,1,,62490,tirupur,,2026-07-01 12:48:55,1,0
14956506,0,ACM006BRN2P#75,0.00,AMUL COMFY VEST B RN COLOUR TWIN PACK,1,[],,NBNFSWX,,,0,Distributors,6141110286,270482,B10,INV-00000125809,2025-03-25,JGH_1100,ananthi,2025-03-24,"""{\""city\"":\""BHIWANDI\"",\""name\"":\""NARAYAN HOSIERY\"",\""state\"":null,\""country\"":null,\""pincode\"":\""0\"",\""email_id\"":null,\""last_name\"":null,\""pan_number\"":null,\""tin_number\"":null,\""customer_id\"":981,\""phone_number\"":null}""",6051,2025-03-25 16:24:35,2026-07-01 12:48:56,1,,62490,tirupur,,2026-07-01 12:48:56,1,0
14956561,0,ACM006BRN2P#85,68.87,AMUL COMFY VEST B RN COLOUR TWIN PACK,1,[],,NJXKSLD,,,0,Distributors,6141110284,270484,B10,INV-00000125811,2025-03-25,JGH_1100,ananthi,2025-03-24,"""{\""city\"":\""BHIWANDI\"",\""name\"":\""NARAYAN HOSIERY\"",\""state\"":null,\""country\"":null,\""pincode\"":\""0\"",\""email_id\"":null,\""last_name\"":null,\""pan_number\"":null,\""tin_number\"":null,\""customer_id\"":981,\""phone_number\"":null}""",6051,2025-03-25 16:24:56,2026-07-02 14:59:05,1,,62490,tirupur,,2026-07-02 14:59:05,1,0
14956589,0,ACM006BRN2P#90,68.87,AMUL COMFY VEST B RN COLOUR TWIN PACK,1,[],,EWQJUYL,,,0,Distributors,6141110284,270485,B10,INV-00000125811,2025-03-25,JGH_1100,ananthi,2025-03-24,"""{\""city\"":\""BHIWANDI\"",\""name\"":\""NARAYAN HOSIERY\"",\""state\"":null,\""country\"":null,\""pincode\"":\""0\"",\""email_id\"":null,\""last_name\"":null,\""pan_number\"":null,\""tin_number\"":null,\""customer_id\"":981,\""phone_number\"":null}""",6051,2025-03-25 16:24:56,2026-07-02 15:03:16,1,,62490,tirupur,,2026-07-02 15:03:16,1,0
14956609,0,ACM006BRN2P#90,64.82,AMUL COMFY VEST B RN COLOUR TWIN PACK,1,[],,LNPLZBP,,,0,Distributors,6141110284,270485,B10,INV-00000125811,2025-03-25,JGH_1100,ananthi,2025-03-24,"""{\""city\"":\""BHIWANDI\"",\""name\"":\""NARAYAN HOSIERY\"",\""state\"":null,\""country\"":null,\""pincode\"":\""0\"",\""email_id\"":null,\""last_name\"":null,\""pan_number\"":null,\""tin_number\"":null,\""customer_id\"":981,\""phone_number\"":null}""",6051,2025-03-25 16:24:57,2026-07-02 14:56:51,1,,62490,tirupur,,2026-07-02 14:56:51,1,0
14959560,0,ASM051STRNK2P#75,110.00,SPRT MRVL M 9011 TRNK  AOP SPNDEX (2/10),1,[],,MUJBCRJ,,,0,Distributors,6141110101,285797,B10,INV-00000125948,2025-03-25,JGH_1100,gopi,2025-03-24,"""{\""city\"":\""ROHA\"",\""name\"":\""VISHNU HOSIERY\"",\""state\"":null,\""country\"":null,\""pincode\"":\""0\"",\""email_id\"":null,\""last_name\"":null,\""pan_number\"":null,\""tin_number\"":null,\""customer_id\"":586,\""phone_number\"":null}""",6065,2025-03-25 17:53:38,2026-07-01 16:49:37,1,,77742,tirupur,,2026-07-01 16:49:37,1,0
14959561,0,ASM051STRNK2P#75,110.00,SPRT MRVL M 9011 TRNK  AOP SPNDEX (2/10),1,[],,VQXHDLL,,,0,Distributors,6141110101,285797,B10,INV-00000125948,2025-03-25,JGH_1100,gopi,2025-03-24,"""{\""city\"":\""ROHA\"",\""name\"":\""VISHNU HOSIERY\"",\""state\"":null,\""country\"":null,\""pincode\"":\""0\"",\""email_id\"":null,\""last_name\"":null,\""pan_number\"":null,\""tin_number\"":null,\""customer_id\"":586,\""phone_number\"":null}""",6065,2025-03-25 17:53:38,2026-07-01 16:49:38,1,,77742,tirupur,,2026-07-01 16:49:38,1,0
14959566,0,ASM051STRNK2P#75,110.00,SPRT MRVL M 9011 TRNK  AOP SPNDEX (2/10),1,[],,BLTCYCQ,,,0,Distributors,6141110101,285797,B10,INV-00000125948,2025-03-25,JGH_1100,gopi,2025-03-24,"""{\""city\"":\""ROHA\"",\""name\"":\""VISHNU HOSIERY\"",\""state\"":null,\""country\"":null,\""pincode\"":\""0\"",\""email_id\"":null,\""last_name\"":null,\""pan_number\"":null,\""tin_number\"":null,\""customer_id\"":586,\""phone_number\"":null}""",6065,2025-03-25 17:53:38,2026-07-01 16:49:38,1,,77742,tirupur,,2026-07-01 16:49:38,1,0
14959567,0,ASM051STRNK2P#75,110.00,SPRT MRVL M 9011 TRNK  AOP SPNDEX (2/10),1,[],,YJLYSDW,,,0,Distributors,6141110101,285797,B10,INV-00000125948,2025-03-25,JGH_1100,gopi,2025-03-24,"""{\""city\"":\""ROHA\"",\""name\"":\""VISHNU HOSIERY\"",\""state\"":null,\""country\"":null,\""pincode\"":\""0\"",\""email_id\"":null,\""last_name\"":null,\""pan_number\"":null,\""tin_number\"":null,\""customer_id\"":586,\""phone_number\"":null}""",6065,2025-03-25 17:53:38,2026-07-01 16:49:38,1,,77742,tirupur,,2026-07-01 16:49:38,1,0
14959568,0,ASM051STRNK2P#75,110.00,SPRT MRVL M 9011 TRNK  AOP SPNDEX (2/10),1,[],,EOAXQFR,,,0,Distributors,6141110101,285797,B10,INV-00000125948,2025-03-25,JGH_1100,gopi,2025-03-24,"""{\""city\"":\""ROHA\"",\""name\"":\""VISHNU HOSIERY\"",\""state\"":null,\""country\"":null,\""pincode\"":\""0\"",\""email_id\"":null,\""last_name\"":null,\""pan_number\"":null,\""tin_number\"":null,\""customer_id\"":586,\""phone_number\"":null}""",6065,2025-03-25 17:53:38,2026-07-01 16:49:37,1,,77742,tirupur,,2026-07-01 16:49:37,1,0
14959573,0,ASM051STRNK2P#75,110.00,SPRT MRVL M 9011 TRNK  AOP SPNDEX (2/10),1,[],,CUUQSHZ,,,0,Distributors,6141110101,285797,B10,INV-00000125948,2025-03-25,JGH_1100,gopi,2025-03-24,"""{\""city\"":\""ROHA\"",\""name\"":\""VISHNU HOSIERY\"",\""state\"":null,\""country\"":null,\""pincode\"":\""0\"",\""email_id\"":null,\""last_name\"":null,\""pan_number\"":null,\""tin_number\"":null,\""customer_id\"":586,\""phone_number\"":null}""",6065,2025-03-25 17:53:39,2026-07-01 16:49:37,1,,77742,tirupur,,2026-07-01 16:49:37,1,0
14964845,0,ASP755BAST#M,0.00,SPORTO GYM VEST #755,1,[],,VTWXYZP,,,0,Distributors,6141108907,287122,B5,INV-00000126286,2025-03-25,JGH_1100,santhosh,2025-03-22,"""{\""city\"":\""AMBIKAPUR\"",\""name\"":\""HARSH GARMENTS\"",\""state\"":null,\""country\"":null,\""pincode\"":\""0\"",\""email_id\"":null,\""last_name\"":null,\""pan_number\"":null,\""tin_number\"":null,\""customer_id\"":947,\""phone_number\"":null}""",6079,2025-03-25 18:26:07,2026-07-04 18:05:56,1,,57037,tirupur,,2026-07-04 18:05:56,1,0
14966615,0,ACM211BCSRT-AST#90,97.47,AMUL COMFY PLAIN ASST. CYCLING SHORT,1,[],,PMSFOCY,,,0,Distributors,6141110121,272098,B5,INV-00000126397,2025-03-25,JGH_1100,madesh,2025-03-24,"""{\""city\"":\""BHIWANDI\"",\""name\"":\""NARAYAN HOSIERY\"",\""state\"":null,\""country\"":null,\""pincode\"":\""0\"",\""email_id\"":null,\""last_name\"":null,\""pan_number\"":null,\""tin_number\"":null,\""customer_id\"":981,\""phone_number\"":null}""",6051,2025-03-25 18:58:24,2026-07-02 15:05:12,1,,62490,tirupur,,2026-07-02 15:05:12,1,0
14973743,0,AMC001BRNS2PCZP#110,69.51,MACHO FINE VEST WHITE B RNS TWIN(2/10)ZP,1,[],,PXOLQZT,,,0,Distributors,6141110152,279753,B10,INV-00000126791,2025-03-26,JGH_1100,kavithar,2025-03-24,"""{\""city\"":\""KURUKSHETRA\"",\""name\"":\""SHARMA TRADE LINKER\"",\""state\"":null,\""country\"":null,\""pincode\"":\""0\"",\""email_id\"":null,\""last_name\"":null,\""pan_number\"":null,\""tin_number\"":null,\""customer_id\"":181,\""phone_number\"":null}""",6094,2025-03-26 13:53:28,2026-07-02 10:28:09,1,,64578,tirupur,,2026-07-02 10:28:09,1,0
14975452,0,ASI001BRN2P#85,80.00,ASI001BRN2P#85,1,[],,ONQRYUY,,,0,Distributor,85,284657,B10,INV000000000058,2024-12-27,JGH_1100,subuser2@stockone.com,2024-12-27,"""{\""city\"":\""MARGAO\"",\""name\"":\""B J MEHTA\"",\""state\"":6,\""country\"":\""India\"",\""pincode\"":403601,\""email_id\"":\""bjmehta84@gmail.com\"",\""last_name\"":\""\"",\""pan_number\"":\""\"",\""tin_number\"":\""29AAKCM8916G1ZZ\"",\""customer_id\"":6047,\""phone_number\"":8209589112}""",6047,2025-03-26 14:48:40,2026-07-01 18:50:40,0,,59515,tirupur,,2026-07-01 18:50:40,1,0
14980055,0,APR001BPNTS0AST#85,71.83,AMUL PRIYA PLAIN B PANTY,1,[],,FOQFLCH,,,0,Distributors,6141111032,284539,B10,INV-00000126972,2025-03-26,JGH_1100,balu,2025-03-25,"""{\""city\"":\""BHIWANDI\"",\""name\"":\""NARAYAN HOSIERY\"",\""state\"":null,\""country\"":null,\""pincode\"":\""0\"",\""email_id\"":null,\""last_name\"":null,\""pan_number\"":null,\""tin_number\"":null,\""customer_id\"":981,\""phone_number\"":null}""",6051,2025-03-26 17:13:19,2026-07-02 14:56:51,1,,62490,tirupur,,2026-07-02 14:56:51,1,0
14980079,0,APR001BPNTS0AST#90,71.83,AMUL PRIYA PLAIN B PANTY,1,[],,VXCZBOV,,,0,Distributors,6141111032,284540,B10,INV-00000126972,2025-03-26,JGH_1100,balu,2025-03-25,"""{\""city\"":\""BHIWANDI\"",\""name\"":\""NARAYAN HOSIERY\"",\""state\"":null,\""country\"":null,\""pincode\"":\""0\"",\""email_id\"":null,\""last_name\"":null,\""pan_number\"":null,\""tin_number\"":null,\""customer_id\"":981,\""phone_number\"":null}""",6051,2025-03-26 17:13:20,2026-07-02 14:52:59,1,,62490,tirupur,,2026-07-02 14:52:59,1,0
14980106,0,APR001BPNTS0AST#80,71.83,AMUL PRIYA PLAIN B PANTY,1,[],,FSDVSSS,,,0,Distributors,6141111032,284538,B10,INV-00000126972,2025-03-26,JGH_1100,balu,2025-03-25,"""{\""city\"":\""BHIWANDI\"",\""name\"":\""NARAYAN HOSIERY\"",\""state\"":null,\""country\"":null,\""pincode\"":\""0\"",\""email_id\"":null,\""last_name\"":null,\""pan_number\"":null,\""tin_number\"":null,\""customer_id\"":981,\""phone_number\"":null}""",6051,2025-03-26 17:13:22,2026-07-02 15:00:03,1,,62490,tirupur,,2026-07-02 15:00:03,1,0
14980126,0,APR001BPNTS0AST#100,71.83,AMUL PRIYA PLAIN B PANTY,1,[],,YLSAGZF,,,0,Distributors,6141111032,284532,B10,INV-00000126972,2025-03-26,JGH_1100,balu,2025-03-25,"""{\""city\"":\""BHIWANDI\"",\""name\"":\""NARAYAN HOSIERY\"",\""state\"":null,\""country\"":null,\""pincode\"":\""0\"",\""email_id\"":null,\""last_name\"":null,\""pan_number\"":null,\""tin_number\"":null,\""customer_id\"":981,\""phone_number\"":null}""",6051,2025-03-26 17:13:23,2026-07-02 14:55:26,1,,62490,tirupur,,2026-07-02 14:55:26,1,0
14980147,0,APR001BPNTS0AST#110,73.34,AMUL PRIYA PLAIN B PANTY,1,[],,WHMPKTM,,,0,Distributors,6141111032,284534,B10,INV-00000126972,2025-03-26,JGH_1100,balu,2025-03-25,"""{\""city\"":\""BHIWANDI\"",\""name\"":\""NARAYAN HOSIERY\"",\""state\"":null,\""country\"":null,\""pincode\"":\""0\"",\""email_id\"":null,\""last_name\"":null,\""pan_number\"":null,\""tin_number\"":null,\""customer_id\"":981,\""phone_number\"":null}""",6051,2025-03-26 17:13:24,2026-07-02 14:51:17,1,,62490,tirupur,,2026-07-02 14:51:17,1,0
14980154,0,APR001BPNTS0AST#95,68.83,AMUL PRIYA PLAIN B PANTY,1,[],,ZVNFMZA,,,0,Distributors,6141111032,284541,B10,INV-00000126972,2025-03-26,JGH_1100,balu,2025-03-25,"""{\""city\"":\""BHIWANDI\"",\""name\"":\""NARAYAN HOSIERY\"",\""state\"":null,\""country\"":null,\""pincode\"":\""0\"",\""email_id\"":null,\""last_name\"":null,\""pan_number\"":null,\""tin_number\"":null,\""customer_id\"":981,\""phone_number\"":null}""",6051,2025-03-26 17:13:24,2026-07-02 14:57:52,1,,62490,tirupur,,2026-07-02 14:57:52,1,0
14982355,0,ACM021BTRNK2AST#85,127.18,AMUL COMFY COLOUR B TRUNKS IE 2/10,1,[],,EUVPCJQ,,,0,Distributors,6141111031,270874,B10,INV-00000127099,2025-03-26,JGH_1100,neelkumar,2025-03-25,"""{\""city\"":\""BHIWANDI\"",\""name\"":\""NARAYAN HOSIERY\"",\""state\"":null,\""country\"":null,\""pincode\"":\""0\"",\""email_id\"":null,\""last_name\"":null,\""pan_number\"":null,\""tin_number\"":null,\""customer_id\"":981,\""phone_number\"":null}""",6051,2025-03-26 17:43:55,2026-07-04 15:45:54,1,,62490,tirupur,,2026-07-04 15:45:54,1,0
14982361,0,ACM021BTRNK2AST#85,127.18,AMUL COMFY COLOUR B TRUNKS IE 2/10,1,[],,ZRLVZGU,,,0,Distributors,6141111031,270874,B10,INV-00000127099,2025-03-26,JGH_1100,neelkumar,2025-03-25,"""{\""city\"":\""BHIWANDI\"",\""name\"":\""NARAYAN HOSIERY\"",\""state\"":null,\""country\"":null,\""pincode\"":\""0\"",\""email_id\"":null,\""last_name\"":null,\""pan_number\"":null,\""tin_number\"":null,\""customer_id\"":981,\""phone_number\"":null}""",6051,2025-03-26 17:43:55,2026-07-01 12:48:55,1,,62490,tirupur,,2026-07-01 12:48:55,1,0
14982364,0,ACM021BTRNK2AST#85,127.18,AMUL COMFY COLOUR B TRUNKS IE 2/10,1,[],,AIEHHIF,,,0,Distributors,6141111031,270874,B10,INV-00000127099,2025-03-26,JGH_1100,neelkumar,2025-03-25,"""{\""city\"":\""BHIWANDI\"",\""name\"":\""NARAYAN HOSIERY\"",\""state\"":null,\""country\"":null,\""pincode\"":\""0\"",\""email_id\"":null,\""last_name\"":null,\""pan_number\"":null,\""tin_number\"":null,\""customer_id\"":981,\""phone_number\"":null}""",6051,2025-03-26 17:43:55,2026-07-04 11:34:34,1,,62490,tirupur,,2026-07-04 11:34:34,1,0
14982370,0,ACM021BTRNK2AST#85,127.18,AMUL COMFY COLOUR B TRUNKS IE 2/10,1,[],,JTCKTTR,,,0,Distributors,6141111031,270874,B10,INV-00000127099,2025-03-26,JGH_1100,neelkumar,2025-03-25,"""{\""city\"":\""BHIWANDI\"",\""name\"":\""NARAYAN HOSIERY\"",\""state\"":null,\""country\"":null,\""pincode\"":\""0\"",\""email_id\"":null,\""last_name\"":null,\""pan_number\"":null,\""tin_number\"":null,\""customer_id\"":981,\""phone_number\"":null}""",6051,2025-03-26 17:43:55,2026-07-02 14:48:30,1,,62490,tirupur,,2026-07-02 14:48:30,1,0
14982386,0,ACM021BTRNK2AST#80,127.18,AMUL COMFY COLOUR B TRUNKS IE 2/10,1,[],,OHVVWFV,,,0,Distributors,6141111031,270873,B10,INV-00000127099,2025-03-26,JGH_1100,neelkumar,2025-03-25,"""{\""city\"":\""BHIWANDI\"",\""name\"":\""NARAYAN HOSIERY\"",\""state\"":null,\""country\"":null,\""pincode\"":\""0\"",\""email_id\"":null,\""last_name\"":null,\""pan_number\"":null,\""tin_number\"":null,\""customer_id\"":981,\""phone_number\"":null}""",6051,2025-03-26 17:43:55,2026-07-02 15:04:42,1,,62490,tirupur,,2026-07-02 15:04:42,1,0
14982401,0,ACM021BTRNK2AST#90,127.18,AMUL COMFY COLOUR B TRUNKS IE 2/10,1,[],,EVROSRW,,,0,Distributors,6141111031,270875,B10,INV-00000127099,2025-03-26,JGH_1100,neelkumar,2025-03-25,"""{\""city\"":\""BHIWANDI\"",\""name\"":\""NARAYAN HOSIERY\"",\""state\"":null,\""country\"":null,\""pincode\"":\""0\"",\""email_id\"":null,\""last_name\"":null,\""pan_number\"":null,\""tin_number\"":null,\""customer_id\"":981,\""phone_number\"":null}""",6051,2025-03-26 17:43:56,2026-07-02 14:52:59,1,,62490,tirupur,,2026-07-02 14:52:59,1,0
14982402,0,ACM021BTRNK2AST#90,127.18,AMUL COMFY COLOUR B TRUNKS IE 2/10,1,[],,PBPAUAM,,,0,Distributors,6141111031,270875,B10,INV-00000127099,2025-03-26,JGH_1100,neelkumar,2025-03-25,"""{\""city\"":\""BHIWANDI\"",\""name\"":\""NARAYAN HOSIERY\"",\""state\"":null,\""country\"":null,\""pincode\"":\""0\"",\""email_id\"":null,\""last_name\"":null,\""pan_number\"":null,\""tin_number\"":null,\""customer_id\"":981,\""phone_number\"":null}""",6051,2025-03-26 17:43:56,2026-07-02 15:01:05,1,,62490,tirupur,,2026-07-02 15:01:05,1,0
14982459,0,ACM021BTRNK2AST#90,127.18,AMUL COMFY COLOUR B TRUNKS IE 2/10,1,[],,ZPDZDNN,,,0,Distributors,6141111030,270875,B10,INV-00000127100,2025-03-26,JGH_1100,neelkumar,2025-03-25,"""{\""city\"":\""BHIWANDI\"",\""name\"":\""NARAYAN HOSIERY\"",\""state\"":null,\""country\"":null,\""pincode\"":\""0\"",\""email_id\"":null,\""last_name\"":null,\""pan_number\"":null,\""tin_number\"":null,\""customer_id\"":981,\""phone_number\"":null}""",6051,2025-03-26 17:44:21,2026-07-02 14:47:01,1,,62490,tirupur,,2026-07-02 14:47:01,1,0
14982529,0,ACM021BTRNK2AST#80,127.18,AMUL COMFY COLOUR B TRUNKS IE 2/10,1,[],,TNDOAWC,,,0,Distributors,6141111028,270873,B10,INV-00000127102,2025-03-26,JGH_1100,neelkumar,2025-03-25,"""{\""city\"":\""BHIWANDI\"",\""name\"":\""NARAYAN HOSIERY\"",\""state\"":null,\""country\"":null,\""pincode\"":\""0\"",\""email_id\"":null,\""last_name\"":null,\""pan_number\"":null,\""tin_number\"":null,\""customer_id\"":981,\""phone_number\"":null}""",6051,2025-03-26 17:45:10,2026-07-02 15:02:33,1,,62490,tirupur,,2026-07-02 15:02:33,1,0
14982540,0,ACM021BTRNK2AST#90,127.18,AMUL COMFY COLOUR B TRUNKS IE 2/10,1,[],,YRXJBXX,,,0,Distributors,6141111028,270875,B10,INV-00000127102,2025-03-26,JGH_1100,neelkumar,2025-03-25,"""{\""city\"":\""BHIWANDI\"",\""name\"":\""NARAYAN HOSIERY\"",\""state\"":null,\""country\"":null,\""pincode\"":\""0\"",\""email_id\"":null,\""last_name\"":null,\""pan_number\"":null,\""tin_number\"":null,\""customer_id\"":981,\""phone_number\"":null}""",6051,2025-03-26 17:45:11,2026-07-02 14:47:01,1,,62490,tirupur,,2026-07-02 14:47:01,1,0
14982561,0,ACM021BTRNK2AST#85,127.18,AMUL COMFY COLOUR B TRUNKS IE 2/10,1,[],,LTSLOZE,,,0,Distributors,6141111028,270874,B10,INV-00000127102,2025-03-26,JGH_1100,neelkumar,2025-03-25,"""{\""city\"":\""BHIWANDI\"",\""name\"":\""NARAYAN HOSIERY\"",\""state\"":null,\""country\"":null,\""pincode\"":\""0\"",\""email_id\"":null,\""last_name\"":null,\""pan_number\"":null,\""tin_number\"":null,\""customer_id\"":981,\""phone_number\"":null}""",6051,2025-03-26 17:45:11,2026-07-04 15:45:54,1,,62490,tirupur,,2026-07-04 15:45:54,1,0
14982572,0,ACM021BTRNK2AST#85,127.18,AMUL COMFY COLOUR B TRUNKS IE 2/10,1,[],,UYEFFHK,,,0,Distributors,6141111028,270874,B10,INV-00000127102,2025-03-26,JGH_1100,neelkumar,2025-03-25,"""{\""city\"":\""BHIWANDI\"",\""name\"":\""NARAYAN HOSIERY\"",\""state\"":null,\""country\"":null,\""pincode\"":\""0\"",\""email_id\"":null,\""last_name\"":null,\""pan_number\"":null,\""tin_number\"":null,\""customer_id\"":981,\""phone_number\"":null}""",6051,2025-03-26 17:45:12,2026-07-04 11:28:12,1,,62490,tirupur,,2026-07-04 11:28:12,1,0
14990586,,AMC061BBRIF2AST#85,,MCH SMART CUT BRIEF AST (2/10),0,,,sbXC-03,,,0,Distributor,,281400,B10,2215405678,2025-03-26,,,2025-03-26,,6121,2025-03-26 23:02:59,2026-07-01 19:57:43,1,,48857,kolkata,,2026-07-01 19:57:43,1,0
14990994,,AMC101BMINI#85,,MCH PLAIN MINI TRUNK AST (1/10),0,,,WLu0-13,,,0,Distributor,,281570,B10,8515401798,2025-03-26,,,2025-03-26,,5906,2025-03-26 23:03:14,2026-07-02 19:58:03,1,,76454,kolkata,,2026-07-02 19:58:03,1,0
14991269,,AMC058SBRIF#55,,MACHO BOY SMART CUT O.E COL BRF,0,,,XBkY-22,,,0,Distributor,,281283,B10,8515401793,2025-03-26,,,2025-03-26,,5903,2025-03-26 23:03:22,2026-07-02 12:20:17,1,,72919,kolkata,,2026-07-02 12:20:17,1,0
15029748,0,ACM001SRN#73,58.50,AMUL COMFY VEST S RN WHITE,1,[],,RFCAMOY,,,0,Distributors,6141112566,270287,B10,INV-00000127737,2025-03-27,JGH_1100,ananthi,2025-03-26,"""{\""city\"":\""MOGA\"",\""name\"":\""LUXMI GLASS HOUSE\"",\""state\"":null,\""country\"":null,\""pincode\"":\""0\"",\""email_id\"":null,\""last_name\"":null,\""pan_number\"":null,\""tin_number\"":null,\""customer_id\"":501,\""phone_number\"":null}""",6172,2025-03-27 16:29:39,2026-07-03 14:55:05,1,,48265,tirupur,,2026-07-03 14:55:05,1,0
15029787,0,ACM001SRN#65,58.29,AMUL COMFY VEST S RN WHITE,1,[],,VJJZJVS,,,0,Distributors,6141112566,270285,B10,INV-00000127737,2025-03-27,JGH_1100,ananthi,2025-03-26,"""{\""city\"":\""MOGA\"",\""name\"":\""LUXMI GLASS HOUSE\"",\""state\"":null,\""country\"":null,\""pincode\"":\""0\"",\""email_id\"":null,\""last_name\"":null,\""pan_number\"":null,\""tin_number\"":null,\""customer_id\"":501,\""phone_number\"":null}""",6172,2025-03-27 16:29:40,2026-07-03 19:12:22,1,,48265,tirupur,,2026-07-03 19:12:22,1,0
15029828,0,ACM001SRN#55,58.76,AMUL COMFY VEST S RN WHITE,1,[],,FMGNPFQ,,,0,Distributors,6141112566,270283,B10,INV-00000127737,2025-03-27,JGH_1100,ananthi,2025-03-26,"""{\""city\"":\""MOGA\"",\""name\"":\""LUXMI GLASS HOUSE\"",\""state\"":null,\""country\"":null,\""pincode\"":\""0\"",\""email_id\"":null,\""last_name\"":null,\""pan_number\"":null,\""tin_number\"":null,\""customer_id\"":501,\""phone_number\"":null}""",6172,2025-03-27 16:29:41,2026-07-03 12:10:11,1,,48265,tirupur,,2026-07-03 12:10:11,1,0
15032927,0,AMC021BRN2PCZP#95,70.24,MACHO PARKA VEST WHT. RN TWIN (2/10) ZP,1,[],,SBGARUL,,,0,Distributors,6141112713,280612,B10,INV-00000127926,2025-03-27,JGH_1100,balajig,2025-03-26,"""{\""city\"":\""SANGRUR\"",\""name\"":\""SATIJA TRADER\"",\""state\"":null,\""country\"":null,\""pincode\"":\""0\"",\""email_id\"":null,\""last_name\"":null,\""pan_number\"":null,\""tin_number\"":null,\""customer_id\"":212,\""phone_number\"":null}""",6180,2025-03-27 17:07:21,2026-07-03 13:34:25,1,,56439,tirupur,,2026-07-03 13:34:25,1,0
15037633,0,ACM025STRNK#70,126.34,AMUL COMFY COLOUR S TRUNKS (OE),1,[],,VQGLSTY,,,0,Distributors,6141112564,271125,B10,INV-00000128185,2025-03-27,JGH_1100,sukant,2025-03-26,"""{\""city\"":\""MOGA\"",\""name\"":\""LUXMI GLASS HOUSE\"",\""state\"":null,\""country\"":null,\""pincode\"":\""0\"",\""email_id\"":null,\""last_name\"":null,\""pan_number\"":null,\""tin_number\"":null,\""customer_id\"":501,\""phone_number\"":null}""",6172,2025-03-27 17:58:01,2026-07-03 14:49:04,1,,48265,tirupur,,2026-07-03 14:49:04,1,0
15038663,0,ASP162BAST#XXL,151.76,SPORTO M-1062 MEGA-TOP PANEL,1,[],,RJXTLSJ,,,0,Distributors,6141111754,286866,B5,INV-00000128229,2025-03-27,JGH_1100,santhosh,2025-03-26,"""{\""city\"":\""BHIWANDI\"",\""name\"":\""NARAYAN HOSIERY\"",\""state\"":null,\""country\"":null,\""pincode\"":\""0\"",\""email_id\"":null,\""last_name\"":null,\""pan_number\"":null,\""tin_number\"":null,\""customer_id\"":981,\""phone_number\"":null}""",6051,2025-03-27 18:08:07,2026-07-04 15:50:27,1,,62490,tirupur,,2026-07-04 15:50:27,1,0
15040166,0,ASI089BTRNK#L,110.00,SPORTO M2401 PLAIN SPANDEX LONG TRUNK,1,[],,QHPCTSV,,,0,Distributors,6141112469,285319,B10,INV-00000128375,2025-03-27,JGH_1100,mithesh,2025-03-26,"""{\""city\"":\""MOGA\"",\""name\"":\""LUXMI GLASS HOUSE\"",\""state\"":null,\""country\"":null,\""pincode\"":\""0\"",\""email_id\"":null,\""last_name\"":null,\""pan_number\"":null,\""tin_number\"":null,\""customer_id\"":501,\""phone_number\"":null}""",6172,2025-03-27 18:24:42,2026-07-02 17:16:46,1,,48265,tirupur,,2026-07-02 17:16:46,1,0
15042532,0,ACM221BSLPS-WHT#95,82.85,AMUL COMFY WHITE SHORT SLIPS,1,[],,XEOWFDR,,,0,Distributors,6141112573,272325,B10,INV-00000128501,2025-03-27,JGH_1100,ananthi,2025-03-26,"""{\""city\"":\""RAJPURA TOWN\"",\""name\"":\""DURGA ENTERPRISES\"",\""state\"":null,\""country\"":null,\""pincode\"":\""0\"",\""email_id\"":null,\""last_name\"":null,\""pan_number\"":null,\""tin_number\"":null,\""customer_id\"":213,\""phone_number\"":null}""",6176,2025-03-27 18:53:51,2026-07-03 20:06:39,1,,54913,tirupur,,2026-07-03 20:06:39,1,0
15042884,0,APR002BPNTS0AST#85,68.83,AMUL PRIYA PRINT PANTY,1,[],,ZLWAKLI,,,0,Distributors,6141112254,284573,B10,INV-00000128510,2025-03-27,JGH_1100,ananthi,2025-03-26,"""{\""city\"":\""AMRITSAR\"",\""name\"":\""MEHAK ENTERPRISES\"",\""state\"":null,\""country\"":null,\""pincode\"":\""0\"",\""email_id\"":null,\""last_name\"":null,\""pan_number\"":null,\""tin_number\"":null,\""customer_id\"":442,\""phone_number\"":null}""",6153,2025-03-27 18:54:55,2026-07-04 13:58:09,1,,77846,tirupur,,2026-07-04 13:58:09,1,0
15044981,0,APR001BPNTS1AST#85,74.81,AMUL PRIYA PLAIN PANTY (1 PC PACK),1,[],,EPKBNIL,,,0,Distributors,6141111717,284550,B10,INV-00000128566,2025-03-27,JGH_1100,ananthi,2025-03-26,"""{\""city\"":\""NARNAUL\"",\""name\"":\""MANDEEP HOSIERY\"",\""state\"":null,\""country\"":null,\""pincode\"":\""0\"",\""email_id\"":null,\""last_name\"":null,\""pan_number\"":null,\""tin_number\"":null,\""customer_id\"":234,\""phone_number\"":null}""",6098,2025-03-27 19:07:48,2026-07-03 14:18:13,1,,66589,tirupur,,2026-07-03 14:18:13,1,0
15051376,0,APR001BPNTS0AST#85,71.83,AMUL PRIYA PLAIN B PANTY,1,[],,AEMAITV,,,0,Distributors,6141112278,284539,B10,INV-00000128647,2025-03-27,JGH_1100,ananthi,2025-03-26,"""{\""city\"":\""AMRITSAR\"",\""name\"":\""MEHAK ENTERPRISES\"",\""state\"":null,\""country\"":null,\""pincode\"":\""0\"",\""email_id\"":null,\""last_name\"":null,\""pan_number\"":null,\""tin_number\"":null,\""customer_id\"":442,\""phone_number\"":null}""",6153,2025-03-27 19:18:52,2026-07-02 19:21:15,1,,50808,tirupur,,2026-07-02 19:21:15,1,0
15051404,0,APR001BPNTS0AST#85,71.83,AMUL PRIYA PLAIN B PANTY,1,[],,IPXHICV,,,0,Distributors,6141112278,284539,B10,INV-00000128647,2025-03-27,JGH_1100,ananthi,2025-03-26,"""{\""city\"":\""AMRITSAR\"",\""name\"":\""MEHAK ENTERPRISES\"",\""state\"":null,\""country\"":null,\""pincode\"":\""0\"",\""email_id\"":null,\""last_name\"":null,\""pan_number\"":null,\""tin_number\"":null,\""customer_id\"":442,\""phone_number\"":null}""",6153,2025-03-27 19:18:53,2026-07-02 19:21:13,1,,50808,tirupur,,2026-07-02 19:21:13,1,0
15051406,0,APR001BPNTS0AST#85,71.83,AMUL PRIYA PLAIN B PANTY,1,[],,ZZELTPM,,,0,Distributors,6141112278,284539,B10,INV-00000128647,2025-03-27,JGH_1100,ananthi,2025-03-26,"""{\""city\"":\""AMRITSAR\"",\""name\"":\""MEHAK ENTERPRISES\"",\""state\"":null,\""country\"":null,\""pincode\"":\""0\"",\""email_id\"":null,\""last_name\"":null,\""pan_number\"":null,\""tin_number\"":null,\""customer_id\"":442,\""phone_number\"":null}""",6153,2025-03-27 19:18:53,2026-07-02 19:21:14,1,,50808,tirupur,,2026-07-02 19:21:14,1,0
15051410,0,APR001BPNTS0AST#85,71.83,AMUL PRIYA PLAIN B PANTY,1,[],,PXOIQLD,,,0,Distributors,6141112278,284539,B10,INV-00000128647,2025-03-27,JGH_1100,ananthi,2025-03-26,"""{\""city\"":\""AMRITSAR\"",\""name\"":\""MEHAK ENTERPRISES\"",\""state\"":null,\""country\"":null,\""pincode\"":\""0\"",\""email_id\"":null,\""last_name\"":null,\""pan_number\"":null,\""tin_number\"":null,\""customer_id\"":442,\""phone_number\"":null}""",6153,2025-03-27 19:18:54,2026-07-02 19:21:15,1,,50808,tirupur,,2026-07-02 19:21:15,1,0